rxn,Output
C=CC(CCC=C(C)C)(O)C.CC(C)(C)N=P(N1CCCC1)(N2CCCC2)N3CCCC3>>C=CC(C)([O-])CCC=C(C)C.CC(C)(C)[NH+]=P(N1CCCC1)(N1CCCC1)N1CCCC1|C=CC(C)([O-])CCC=C(C)C.C(C(C(F)(F)S(=O)(=O)F)(F)F)(C(F)(F)F)(F)F>>C=CC(C)(CCC=C(C)C)OS(=O)(=O)C(F)(F)C(F)(F)C(F)(F)C(F)(F)F.[F-]|C=CC(C)(CCC=C(C)C)OS(=O)(=O)C(F)(F)C(F)(F)C(F)(F)C(F)(F)F.[F-]>>C=CC(C)(F)CCC=C(C)C,10
C1[C@H]([C@H]2[C@@]34C(C1)[C@H]([C@H](O[C@@H]3O[C@@](CC2)(OO4)C)O)C)C.C1CCC2=NCCCN2CC1>>C[C@@H]1CCC2[C@@H](C)[C@@H]([O-])O[C@@H]3O[C@@]4(C)CC[C@@H]1[C@@]23OO4.C1CCC2=[NH+]CCCN2CC1|C[C@@H]1CCC2[C@@H](C)[C@@H]([O-])O[C@@H]3O[C@@]4(C)CC[C@@H]1[C@@]23OO4.c1cc(ccc1S(=O)(=O)F)Cl>>C[C@@H]1CCC2[C@@H](C)[C@@H](OS(=O)(=O)c3ccc(Cl)cc3)O[C@@H]3O[C@@]4(C)CC[C@@H]1[C@@]23OO4.[F-]|C[C@@H]1CCC2[C@@H](C)[C@@H](OS(=O)(=O)c3ccc(Cl)cc3)O[C@@H]3O[C@@]4(C)CC[C@@H]1[C@@]23OO4.[F-]>>C[C@@H]1CCC2[C@@H](C)[C@H](F)O[C@@H]3O[C@@]4(C)CC[C@@H]1[C@@]23OO4,10
C1CCN(C(C1)CO)CCCc1ccccc1.C1CCC2=NCCCN2CC1>>[O-]CC1CCCCN1CCCc1ccccc1.C1CCC2=[NH+]CCCN2CC1|[O-]CC1CCCCN1CCCc1ccccc1.C(C(C(F)(F)S(=O)(=O)F)(F)F)(C(F)(F)F)(F)F>>O=S(=O)(OCC1CCCCN1CCCc1ccccc1)C(F)(F)C(F)(F)C(F)(F)C(F)(F)F.[F-]|O=S(=O)(OCC1CCCCN1CCCc1ccccc1)C(F)(F)C(F)(F)C(F)(F)C(F)(F)F.[F-]>>FCC1CCCCN1CCCc1ccccc1,10
N([C@@H](CO)C(=O)OC)C(c1ccccc1)(c1ccccc1)c1ccccc1.CC(C)(C)N=C(N(C)C)N(C)C>>COC(=O)[C@H](C[O-])NC(c1ccccc1)(c1ccccc1)c1ccccc1.CN(C)C(=[NH+]C(C)(C)C)N(C)C|COC(=O)[C@H](C[O-])NC(c1ccccc1)(c1ccccc1)c1ccccc1.c1cc(ccc1[N+](=O)[O-])S(=O)(=O)F>>COC(=O)[C@H](COS(=O)(=O)c1ccc([N+](=O)[O-])cc1)NC(c1ccccc1)(c1ccccc1)c1ccccc1.[F-]|COC(=O)[C@H](COS(=O)(=O)c1ccc([N+](=O)[O-])cc1)NC(c1ccccc1)(c1ccccc1)c1ccccc1.[F-]>>COC(=O)[C@H](CF)NC(c1ccccc1)(c1ccccc1)c1ccccc1,10
C1N(CCC1)[C@H]([C@@H](c1ccccc1)O)C.CC(C)(C)N=C(N(C)C)N(C)C>>C[C@@H]([C@H]([O-])c1ccccc1)N1CCCC1.CN(C)C(=[NH+]C(C)(C)C)N(C)C|C[C@@H]([C@H]([O-])c1ccccc1)N1CCCC1.c1cc(ccc1S(=O)(=O)F)Cl>>C[C@@H]([C@H](OS(=O)(=O)c1ccc(Cl)cc1)c1ccccc1)N1CCCC1.[F-]|C[C@@H]([C@H](OS(=O)(=O)c1ccc(Cl)cc1)c1ccccc1)N1CCCC1.[F-]>>C[C@@H]([C@@H](F)c1ccccc1)N1CCCC1,10
c1(CCC(C)(O)C)ccccc1.C1CCC2=NCCCN2CC1>>CC(C)([O-])CCc1ccccc1.C1CCC2=[NH+]CCCN2CC1|CC(C)([O-])CCc1ccccc1.C(C(C(F)(F)S(=O)(=O)F)(F)F)(C(F)(F)F)(F)F>>CC(C)(CCc1ccccc1)OS(=O)(=O)C(F)(F)C(F)(F)C(F)(F)C(F)(F)F.[F-]|CC(C)(CCc1ccccc1)OS(=O)(=O)C(F)(F)C(F)(F)C(F)(F)C(F)(F)F.[F-]>>CC(C)(F)CCc1ccccc1,9
c1ccc2c(c1)C(=O)N(C2=O)C1CC[C@H](CC1)O.CC(C)(C)N=P(N1CCCC1)(N2CCCC2)N3CCCC3>>O=C1c2ccccc2C(=O)N1C1CCC([O-])CC1.CC(C)(C)[NH+]=P(N1CCCC1)(N1CCCC1)N1CCCC1|O=C1c2ccccc2C(=O)N1C1CCC([O-])CC1.c1cc(ccc1C(F)(F)F)S(=O)(=O)F>>O=C1c2ccccc2C(=O)N1C1CCC(OS(=O)(=O)c2ccc(C(F)(F)F)cc2)CC1.[F-]|O=C1c2ccccc2C(=O)N1C1CCC(OS(=O)(=O)c2ccc(C(F)(F)F)cc2)CC1.[F-]>>O=C1c2ccccc2C(=O)N1C1CCC(F)CC1,9
N([C@@H](CO)C(=O)OC)C(c1ccccc1)(c1ccccc1)c1ccccc1.CC(C)(C)N=C(N(C)C)N(C)C>>COC(=O)[C@H](C[O-])NC(c1ccccc1)(c1ccccc1)c1ccccc1.CN(C)C(=[NH+]C(C)(C)C)N(C)C|COC(=O)[C@H](C[O-])NC(c1ccccc1)(c1ccccc1)c1ccccc1.C(C(C(F)(F)S(=O)(=O)F)(F)F)(C(F)(F)F)(F)F>>COC(=O)[C@H](COS(=O)(=O)C(F)(F)C(F)(F)C(F)(F)C(F)(F)F)NC(c1ccccc1)(c1ccccc1)c1ccccc1.[F-]|COC(=O)[C@H](COS(=O)(=O)C(F)(F)C(F)(F)C(F)(F)C(F)(F)F)NC(c1ccccc1)(c1ccccc1)c1ccccc1.[F-]>>COC(=O)[C@H](CF)NC(c1ccccc1)(c1ccccc1)c1ccccc1,9
OC/C=C(/CC/C=C(\C)/CCC=C(C)C)\C.C1CCC2=NCCCN2CC1>>CC(C)=CCC/C(C)=C/CC/C(C)=C/C[O-].C1CCC2=[NH+]CCCN2CC1|CC(C)=CCC/C(C)=C/CC/C(C)=C/C[O-].c1cc(ccc1[N+](=O)[O-])S(=O)(=O)F>>CC(C)=CCC/C(C)=C/CC/C(C)=C/COS(=O)(=O)c1ccc([N+](=O)[O-])cc1.[F-]|CC(C)=CCC/C(C)=C/CC/C(C)=C/COS(=O)(=O)c1ccc([N+](=O)[O-])cc1.[F-]>>CC(C)=CCC/C(C)=C/CC/C(C)=C/CF,11
c1ccc2c(c1)C(=O)N(C2=O)C1CC[C@@H](CC1)O.CN1CCCN2CCCN=C12>>O=C1c2ccccc2C(=O)N1C1CCC([O-])CC1.CN1CCCN2CCC[NH+]=C12|O=C1c2ccccc2C(=O)N1C1CCC([O-])CC1.C(C(C(F)(F)S(=O)(=O)F)(F)F)(C(F)(F)F)(F)F>>O=C1c2ccccc2C(=O)N1C1CCC(OS(=O)(=O)C(F)(F)C(F)(F)C(F)(F)C(F)(F)F)CC1.[F-]|O=C1c2ccccc2C(=O)N1C1CCC(OS(=O)(=O)C(F)(F)C(F)(F)C(F)(F)C(F)(F)F)CC1.[F-]>>O=C1c2ccccc2C(=O)N1C1CCC(F)CC1,11
C1[C@@H](C[C@@H]1O)OCc1ccccc1.C1CCC2=NCCCN2CC1>>[O-][C@H]1C[C@@H](OCc2ccccc2)C1.C1CCC2=[NH+]CCCN2CC1|[O-][C@H]1C[C@@H](OCc2ccccc2)C1.c1cc(ccc1[N+](=O)[O-])S(=O)(=O)F>>O=[N+]([O-])c1ccc(S(=O)(=O)O[C@H]2C[C@@H](OCc3ccccc3)C2)cc1.[F-]|O=[N+]([O-])c1ccc(S(=O)(=O)O[C@H]2C[C@@H](OCc3ccccc3)C2)cc1.[F-]>>F[C@H]1C[C@H](OCc2ccccc2)C1,11
C1=C[C@]2(C(=CC1=O)CC[C@@H]1[C@@H]2C(=O)C[C@]2([C@H]1CC[C@@]2(C(=O)CO)O)C)C.CC(C)(C)N=P(N1CCCC1)(N2CCCC2)N3CCCC3>>C[C@]12C=CC(=O)C=C1CC[C@@H]1[C@@H]2C(=O)C[C@@]2(C)[C@H]1CC[C@]2(O)C(=O)C[O-].CC(C)(C)[NH+]=P(N1CCCC1)(N1CCCC1)N1CCCC1|C[C@]12C=CC(=O)C=C1CC[C@@H]1[C@@H]2C(=O)C[C@@]2(C)[C@H]1CC[C@]2(O)C(=O)C[O-].c1cc(ccc1[N+](=O)[O-])S(=O)(=O)F>>C[C@]12C=CC(=O)C=C1CC[C@@H]1[C@@H]2C(=O)C[C@@]2(C)[C@H]1CC[C@]2(OS(=O)(=O)c1ccc([N+](=O)[O-])cc1)C(=O)CO.[F-]|C[C@]12C=CC(=O)C=C1CC[C@@H]1[C@@H]2C(=O)C[C@@]2(C)[C@H]1CC[C@]2(OS(=O)(=O)c1ccc([N+](=O)[O-])cc1)C(=O)CO.[F-]>>C[C@]12C=CC(=O)C=C1CC[C@@H]1[C@@H]2C(=O)C[C@@]2(C)[C@H]1CC[C@]2(F)C(=O)CO,11
C=CC(CCCCCCC)O.CC(C)(C)N=C(N(C)C)N(C)C>>C=CC([O-])CCCCCCC.CN(C)C(=[NH+]C(C)(C)C)N(C)C|C=CC([O-])CCCCCCC.c1ccnc(c1)S(=O)(=O)F>>C=CC(CCCCCCC)OS(=O)(=O)c1ccccn1.[F-]|C=CC(CCCCCCC)OS(=O)(=O)c1ccccn1.[F-]>>C=CC(F)CCCCCCC,9
N([C@@H](CO)C(=O)OC)C(c1ccccc1)(c1ccccc1)c1ccccc1.CC(C)(C)N=P(N1CCCC1)(N2CCCC2)N3CCCC3>>COC(=O)[C@H](C[O-])NC(c1ccccc1)(c1ccccc1)c1ccccc1.CC(C)(C)[NH+]=P(N1CCCC1)(N1CCCC1)N1CCCC1|COC(=O)[C@H](C[O-])NC(c1ccccc1)(c1ccccc1)c1ccccc1.c1cc(ccc1[N+](=O)[O-])S(=O)(=O)F>>COC(=O)[C@H](COS(=O)(=O)c1ccc([N+](=O)[O-])cc1)NC(c1ccccc1)(c1ccccc1)c1ccccc1.[F-]|COC(=O)[C@H](COS(=O)(=O)c1ccc([N+](=O)[O-])cc1)NC(c1ccccc1)(c1ccccc1)c1ccccc1.[F-]>>COC(=O)[C@H](CF)NC(c1ccccc1)(c1ccccc1)c1ccccc1,11
N([C@@H](CO)C(=O)OC)C(c1ccccc1)(c1ccccc1)c1ccccc1.CN1CCCN2CCCN=C12>>COC(=O)[C@H](C[O-])NC(c1ccccc1)(c1ccccc1)c1ccccc1.CN1CCCN2CCC[NH+]=C12|COC(=O)[C@H](C[O-])NC(c1ccccc1)(c1ccccc1)c1ccccc1.c1cc(ccc1[N+](=O)[O-])S(=O)(=O)F>>COC(=O)[C@H](COS(=O)(=O)c1ccc([N+](=O)[O-])cc1)NC(c1ccccc1)(c1ccccc1)c1ccccc1.[F-]|COC(=O)[C@H](COS(=O)(=O)c1ccc([N+](=O)[O-])cc1)NC(c1ccccc1)(c1ccccc1)c1ccccc1.[F-]>>COC(=O)[C@H](CF)NC(c1ccccc1)(c1ccccc1)c1ccccc1,9
C=CC(CCC=C(C)C)(O)C.CN1CCCN2CCCN=C12>>C=CC(C)([O-])CCC=C(C)C.CN1CCCN2CCC[NH+]=C12|C=CC(C)([O-])CCC=C(C)C.C(C(C(F)(F)S(=O)(=O)F)(F)F)(C(F)(F)F)(F)F>>C=CC(C)(CCC=C(C)C)OS(=O)(=O)C(F)(F)C(F)(F)C(F)(F)C(F)(F)F.[F-]|C=CC(C)(CCC=C(C)C)OS(=O)(=O)C(F)(F)C(F)(F)C(F)(F)C(F)(F)F.[F-]>>C=CC(C)(F)CCC=C(C)C,9
c1(c(cc(c(c1)C(C)O)[N+](=O)[O-])OCCCC(=O)OC)OC.CC(C)(C)N=P(N1CCCC1)(N2CCCC2)N3CCCC3>>COC(=O)CCCOc1cc([N+](=O)[O-])c(C(C)[O-])cc1OC.CC(C)(C)[NH+]=P(N1CCCC1)(N1CCCC1)N1CCCC1|COC(=O)CCCOc1cc([N+](=O)[O-])c(C(C)[O-])cc1OC.C(C(C(F)(F)S(=O)(=O)F)(F)F)(C(F)(F)F)(F)F>>COC(=O)CCCOc1cc([N+](=O)[O-])c(C(C)OS(=O)(=O)C(F)(F)C(F)(F)C(F)(F)C(F)(F)F)cc1OC.[F-]|COC(=O)CCCOc1cc([N+](=O)[O-])c(C(C)OS(=O)(=O)C(F)(F)C(F)(F)C(F)(F)C(F)(F)F)cc1OC.[F-]>>COC(=O)CCCOc1cc([N+](=O)[O-])c(C(C)F)cc1OC,9
c1c(ccc(c1)CO)S(=O)(=O)N(CCC)CCC.C1CCC2=NCCCN2CC1>>CCCN(CCC)S(=O)(=O)c1ccc(C[O-])cc1.C1CCC2=[NH+]CCCN2CC1|CCCN(CCC)S(=O)(=O)c1ccc(C[O-])cc1.c1cc(ccc1C(F)(F)F)S(=O)(=O)F>>CCCN(CCC)S(=O)(=O)c1ccc(COS(=O)(=O)c2ccc(C(F)(F)F)cc2)cc1.[F-]|CCCN(CCC)S(=O)(=O)c1ccc(COS(=O)(=O)c2ccc(C(F)(F)F)cc2)cc1.[F-]>>CCCN(CCC)S(=O)(=O)c1ccc(CF)cc1,9
C1[C@@H](CC2=CC[C@@H]3[C@@H]([C@]2(C1)C)CC[C@]1([C@H]3CC=C1c1cnccc1)C)O.CC(C)(C)N=C(N(C)C)N(C)C>>C[C@]12CC[C@H]([O-])CC1=CC[C@@H]1[C@@H]2CC[C@]2(C)C(c3cccnc3)=CC[C@@H]12.CN(C)C(=[NH+]C(C)(C)C)N(C)C|C[C@]12CC[C@H]([O-])CC1=CC[C@@H]1[C@@H]2CC[C@]2(C)C(c3cccnc3)=CC[C@@H]12.C(C(C(F)(F)S(=O)(=O)F)(F)F)(C(F)(F)F)(F)F>>C[C@]12CC[C@H](OS(=O)(=O)C(F)(F)C(F)(F)C(F)(F)C(F)(F)F)CC1=CC[C@@H]1[C@@H]2CC[C@]2(C)C(c3cccnc3)=CC[C@@H]12.[F-]|C[C@]12CC[C@H](OS(=O)(=O)C(F)(F)C(F)(F)C(F)(F)C(F)(F)F)CC1=CC[C@@H]1[C@@H]2CC[C@]2(C)C(c3cccnc3)=CC[C@@H]12.[F-]>>C[C@]12CC[C@@H](F)CC1=CC[C@@H]1[C@@H]2CC[C@]2(C)C(c3cccnc3)=CC[C@@H]12,9
c1c(ccc(c1)CO)c1ccccc1.C1CCC2=NCCCN2CC1>>[O-]Cc1ccc(-c2ccccc2)cc1.C1CCC2=[NH+]CCCN2CC1|[O-]Cc1ccc(-c2ccccc2)cc1.c1cc(ccc1S(=O)(=O)F)Cl>>O=S(=O)(OCc1ccc(-c2ccccc2)cc1)c1ccc(Cl)cc1.[F-]|O=S(=O)(OCc1ccc(-c2ccccc2)cc1)c1ccc(Cl)cc1.[F-]>>FCc1ccc(-c2ccccc2)cc1,11
c1cccc(c1c1nnnn1C(c1ccccc1)(c1ccccc1)c1ccccc1)c1ccc(cc1)Cn1c(c(nc1CCCC)Cl)CO.CN1CCCN2CCCN=C12>>CCCCc1nc(Cl)c(C[O-])n1Cc1ccc(-c2ccccc2-c2nnnn2C(c2ccccc2)(c2ccccc2)c2ccccc2)cc1.CN1CCCN2CCC[NH+]=C12|CCCCc1nc(Cl)c(C[O-])n1Cc1ccc(-c2ccccc2-c2nnnn2C(c2ccccc2)(c2ccccc2)c2ccccc2)cc1.c1ccnc(c1)S(=O)(=O)F>>CCCCc1nc(Cl)c(COS(=O)(=O)c2ccccn2)n1Cc1ccc(-c2ccccc2-c2nnnn2C(c2ccccc2)(c2ccccc2)c2ccccc2)cc1.[F-]|CCCCc1nc(Cl)c(COS(=O)(=O)c2ccccn2)n1Cc1ccc(-c2ccccc2-c2nnnn2C(c2ccccc2)(c2ccccc2)c2ccccc2)cc1.[F-]>>CCCCc1nc(Cl)c(CF)n1Cc1ccc(-c2ccccc2-c2nnnn2C(c2ccccc2)(c2ccccc2)c2ccccc2)cc1,9
O1C[C@@H]([C@@H]2[C@H]1[C@@H](CO2)O)OC(=O)C.CC(C)(C)N=P(N1CCCC1)(N2CCCC2)N3CCCC3>>CC(=O)O[C@H]1CO[C@H]2[C@@H]1OC[C@H]2[O-].CC(C)(C)[NH+]=P(N1CCCC1)(N1CCCC1)N1CCCC1|CC(=O)O[C@H]1CO[C@H]2[C@@H]1OC[C@H]2[O-].c1cc(ccc1S(=O)(=O)F)Cl>>CC(=O)O[C@H]1CO[C@H]2[C@@H]1OC[C@H]2OS(=O)(=O)c1ccc(Cl)cc1.[F-]|CC(=O)O[C@H]1CO[C@H]2[C@@H]1OC[C@H]2OS(=O)(=O)c1ccc(Cl)cc1.[F-]>>CC(=O)O[C@H]1CO[C@H]2[C@@H]1OC[C@@H]2F,8
C1C2C[C@H](CC(C1)N2C(=O)OC(C)(C)C)O.CC(C)(C)N=P(N1CCCC1)(N2CCCC2)N3CCCC3>>CC(C)(C)OC(=O)N1C2CCC1CC([O-])C2.CC(C)(C)[NH+]=P(N1CCCC1)(N1CCCC1)N1CCCC1|CC(C)(C)OC(=O)N1C2CCC1CC([O-])C2.c1cc(ccc1S(=O)(=O)F)Cl>>CC(C)(C)OC(=O)N1C2CCC1CC(OS(=O)(=O)c1ccc(Cl)cc1)C2.[F-]|CC(C)(C)OC(=O)N1C2CCC1CC(OS(=O)(=O)c1ccc(Cl)cc1)C2.[F-]>>CC(C)(C)OC(=O)N1C2CCC1CC(F)C2,11
C=CC(CCCCCCC)O.CC(C)(C)N=P(N1CCCC1)(N2CCCC2)N3CCCC3>>C=CC([O-])CCCCCCC.CC(C)(C)[NH+]=P(N1CCCC1)(N1CCCC1)N1CCCC1|C=CC([O-])CCCCCCC.c1ccnc(c1)S(=O)(=O)F>>C=CC(CCCCCCC)OS(=O)(=O)c1ccccn1.[F-]|C=CC(CCCCCCC)OS(=O)(=O)c1ccccn1.[F-]>>C=CC(F)CCCCCCC,9
c1ccc2c(c1)C(=O)N(C2=O)C1CC[C@@H](CC1)O.C1CCC2=NCCCN2CC1>>O=C1c2ccccc2C(=O)N1C1CCC([O-])CC1.C1CCC2=[NH+]CCCN2CC1|O=C1c2ccccc2C(=O)N1C1CCC([O-])CC1.c1cc(ccc1C(F)(F)F)S(=O)(=O)F>>O=C1c2ccccc2C(=O)N1C1CCC(OS(=O)(=O)c2ccc(C(F)(F)F)cc2)CC1.[F-]|O=C1c2ccccc2C(=O)N1C1CCC(OS(=O)(=O)c2ccc(C(F)(F)F)cc2)CC1.[F-]>>O=C1c2ccccc2C(=O)N1C1CCC(F)CC1,7
c1ccc2c(c1)C(=O)N(C2=O)C1CC[C@@H](CC1)O.CN1CCCN2CCCN=C12>>O=C1c2ccccc2C(=O)N1C1CCC([O-])CC1.CN1CCCN2CCC[NH+]=C12|O=C1c2ccccc2C(=O)N1C1CCC([O-])CC1.c1cc(ccc1C(F)(F)F)S(=O)(=O)F>>O=C1c2ccccc2C(=O)N1C1CCC(OS(=O)(=O)c2ccc(C(F)(F)F)cc2)CC1.[F-]|O=C1c2ccccc2C(=O)N1C1CCC(OS(=O)(=O)c2ccc(C(F)(F)F)cc2)CC1.[F-]>>O=C1c2ccccc2C(=O)N1C1CCC(F)CC1,9
N([C@@H](CO)C(=O)OC)C(c1ccccc1)(c1ccccc1)c1ccccc1.CC(C)(C)N=P(N1CCCC1)(N2CCCC2)N3CCCC3>>COC(=O)[C@H](C[O-])NC(c1ccccc1)(c1ccccc1)c1ccccc1.CC(C)(C)[NH+]=P(N1CCCC1)(N1CCCC1)N1CCCC1|COC(=O)[C@H](C[O-])NC(c1ccccc1)(c1ccccc1)c1ccccc1.c1cc(ccc1C(F)(F)F)S(=O)(=O)F>>COC(=O)[C@H](COS(=O)(=O)c1ccc(C(F)(F)F)cc1)NC(c1ccccc1)(c1ccccc1)c1ccccc1.[F-]|COC(=O)[C@H](COS(=O)(=O)c1ccc(C(F)(F)F)cc1)NC(c1ccccc1)(c1ccccc1)c1ccccc1.[F-]>>COC(=O)[C@H](CF)NC(c1ccccc1)(c1ccccc1)c1ccccc1,9
N([C@@H](CO)C(=O)OC)C(c1ccccc1)(c1ccccc1)c1ccccc1.CN1CCCN2CCCN=C12>>COC(=O)[C@H](C[O-])NC(c1ccccc1)(c1ccccc1)c1ccccc1.CN1CCCN2CCC[NH+]=C12|COC(=O)[C@H](C[O-])NC(c1ccccc1)(c1ccccc1)c1ccccc1.C(C(C(F)(F)S(=O)(=O)F)(F)F)(C(F)(F)F)(F)F>>COC(=O)[C@H](COS(=O)(=O)C(F)(F)C(F)(F)C(F)(F)C(F)(F)F)NC(c1ccccc1)(c1ccccc1)c1ccccc1.[F-]|COC(=O)[C@H](COS(=O)(=O)C(F)(F)C(F)(F)C(F)(F)C(F)(F)F)NC(c1ccccc1)(c1ccccc1)c1ccccc1.[F-]>>COC(=O)[C@H](CF)NC(c1ccccc1)(c1ccccc1)c1ccccc1,9
c1ccc2c(c1)C(=O)N(C2=O)C1CC[C@H](CC1)O.CC(C)(C)N=P(N1CCCC1)(N2CCCC2)N3CCCC3>>O=C1c2ccccc2C(=O)N1C1CCC([O-])CC1.CC(C)(C)[NH+]=P(N1CCCC1)(N1CCCC1)N1CCCC1|O=C1c2ccccc2C(=O)N1C1CCC([O-])CC1.c1cc(ccc1[N+](=O)[O-])S(=O)(=O)F>>O=C1c2ccccc2C(=O)N1C1CCC(OS(=O)(=O)c2ccc([N+](=O)[O-])cc2)CC1.[F-]|O=C1c2ccccc2C(=O)N1C1CCC(OS(=O)(=O)c2ccc([N+](=O)[O-])cc2)CC1.[F-]>>O=C1c2ccccc2C(=O)N1C1CCC(F)CC1,11
C1=C[C@]2(C(=CC1=O)CC[C@@H]1[C@@H]2C(=O)C[C@]2([C@H]1CC[C@@]2(C(=O)CO)O)C)C.CN1CCCN2CCCN=C12>>C[C@]12C=CC(=O)C=C1CC[C@@H]1[C@@H]2C(=O)C[C@@]2(C)[C@H]1CC[C@]2(O)C(=O)C[O-].CN1CCCN2CCC[NH+]=C12|C[C@]12C=CC(=O)C=C1CC[C@@H]1[C@@H]2C(=O)C[C@@]2(C)[C@H]1CC[C@]2(O)C(=O)C[O-].c1cc(ccc1[N+](=O)[O-])S(=O)(=O)F>>C[C@]12C=CC(=O)C=C1CC[C@@H]1[C@@H]2C(=O)C[C@@]2(C)[C@H]1CC[C@]2(OS(=O)(=O)c1ccc([N+](=O)[O-])cc1)C(=O)CO.[F-]|C[C@]12C=CC(=O)C=C1CC[C@@H]1[C@@H]2C(=O)C[C@@]2(C)[C@H]1CC[C@]2(OS(=O)(=O)c1ccc([N+](=O)[O-])cc1)C(=O)CO.[F-]>>C[C@]12C=CC(=O)C=C1CC[C@@H]1[C@@H]2C(=O)C[C@@]2(C)[C@H]1CC[C@]2(F)C(=O)CO,12
C1CCN(C(C1)CO)CCCc1ccccc1.C1CCC2=NCCCN2CC1>>[O-]CC1CCCCN1CCCc1ccccc1.C1CCC2=[NH+]CCCN2CC1|[O-]CC1CCCCN1CCCc1ccccc1.c1cc(ccc1C(F)(F)F)S(=O)(=O)F>>O=S(=O)(OCC1CCCCN1CCCc1ccccc1)c1ccc(C(F)(F)F)cc1.[F-]|O=S(=O)(OCC1CCCCN1CCCc1ccccc1)c1ccc(C(F)(F)F)cc1.[F-]>>FCC1CCCCN1CCCc1ccccc1,8
c1ccc2c(c1)C(=O)N(C2=O)C1CC[C@H](CC1)O.CC(C)(C)N=C(N(C)C)N(C)C>>O=C1c2ccccc2C(=O)N1C1CCC([O-])CC1.CN(C)C(=[NH+]C(C)(C)C)N(C)C|O=C1c2ccccc2C(=O)N1C1CCC([O-])CC1.c1cc(ccc1[N+](=O)[O-])S(=O)(=O)F>>O=C1c2ccccc2C(=O)N1C1CCC(OS(=O)(=O)c2ccc([N+](=O)[O-])cc2)CC1.[F-]|O=C1c2ccccc2C(=O)N1C1CCC(OS(=O)(=O)c2ccc([N+](=O)[O-])cc2)CC1.[F-]>>O=C1c2ccccc2C(=O)N1C1CCC(F)CC1,11
C1[C@@H](C[C@@H]1O)OCc1ccccc1.CC(C)(C)N=C(N(C)C)N(C)C>>[O-][C@H]1C[C@@H](OCc2ccccc2)C1.CN(C)C(=[NH+]C(C)(C)C)N(C)C|[O-][C@H]1C[C@@H](OCc2ccccc2)C1.c1cc(ccc1[N+](=O)[O-])S(=O)(=O)F>>O=[N+]([O-])c1ccc(S(=O)(=O)O[C@H]2C[C@@H](OCc3ccccc3)C2)cc1.[F-]|O=[N+]([O-])c1ccc(S(=O)(=O)O[C@H]2C[C@@H](OCc3ccccc3)C2)cc1.[F-]>>F[C@H]1C[C@H](OCc2ccccc2)C1,12
C=CC(CCCCCCC)O.C1CCC2=NCCCN2CC1>>C=CC([O-])CCCCCCC.C1CCC2=[NH+]CCCN2CC1|C=CC([O-])CCCCCCC.c1ccnc(c1)S(=O)(=O)F>>C=CC(CCCCCCC)OS(=O)(=O)c1ccccn1.[F-]|C=CC(CCCCCCC)OS(=O)(=O)c1ccccn1.[F-]>>C=CC(F)CCCCCCC,12
c1ccc2c(c1)C(=O)N(C2=O)C1CC[C@@H](CC1)O.CC(C)(C)N=C(N(C)C)N(C)C>>O=C1c2ccccc2C(=O)N1C1CCC([O-])CC1.CN(C)C(=[NH+]C(C)(C)C)N(C)C|O=C1c2ccccc2C(=O)N1C1CCC([O-])CC1.C(C(C(F)(F)S(=O)(=O)F)(F)F)(C(F)(F)F)(F)F>>O=C1c2ccccc2C(=O)N1C1CCC(OS(=O)(=O)C(F)(F)C(F)(F)C(F)(F)C(F)(F)F)CC1.[F-]|O=C1c2ccccc2C(=O)N1C1CCC(OS(=O)(=O)C(F)(F)C(F)(F)C(F)(F)C(F)(F)F)CC1.[F-]>>O=C1c2ccccc2C(=O)N1C1CCC(F)CC1,12
c1ccc2c(c1)C(=O)N(C2=O)C1CC[C@@H](CC1)O.CC(C)(C)N=P(N1CCCC1)(N2CCCC2)N3CCCC3>>O=C1c2ccccc2C(=O)N1C1CCC([O-])CC1.CC(C)(C)[NH+]=P(N1CCCC1)(N1CCCC1)N1CCCC1|O=C1c2ccccc2C(=O)N1C1CCC([O-])CC1.C(C(C(F)(F)S(=O)(=O)F)(F)F)(C(F)(F)F)(F)F>>O=C1c2ccccc2C(=O)N1C1CCC(OS(=O)(=O)C(F)(F)C(F)(F)C(F)(F)C(F)(F)F)CC1.[F-]|O=C1c2ccccc2C(=O)N1C1CCC(OS(=O)(=O)C(F)(F)C(F)(F)C(F)(F)C(F)(F)F)CC1.[F-]>>O=C1c2ccccc2C(=O)N1C1CCC(F)CC1,13
C1[C@@H](C[C@@H]1O)OCc1ccccc1.CN1CCCN2CCCN=C12>>[O-][C@H]1C[C@@H](OCc2ccccc2)C1.CN1CCCN2CCC[NH+]=C12|[O-][C@H]1C[C@@H](OCc2ccccc2)C1.c1cc(ccc1[N+](=O)[O-])S(=O)(=O)F>>O=[N+]([O-])c1ccc(S(=O)(=O)O[C@H]2C[C@@H](OCc3ccccc3)C2)cc1.[F-]|O=[N+]([O-])c1ccc(S(=O)(=O)O[C@H]2C[C@@H](OCc3ccccc3)C2)cc1.[F-]>>F[C@H]1C[C@H](OCc2ccccc2)C1,12
C1[C@@H](C[C@@H]1O)OCc1ccccc1.CC(C)(C)N=P(N1CCCC1)(N2CCCC2)N3CCCC3>>[O-][C@H]1C[C@@H](OCc2ccccc2)C1.CC(C)(C)[NH+]=P(N1CCCC1)(N1CCCC1)N1CCCC1|[O-][C@H]1C[C@@H](OCc2ccccc2)C1.c1cc(ccc1C(F)(F)F)S(=O)(=O)F>>O=S(=O)(O[C@H]1C[C@@H](OCc2ccccc2)C1)c1ccc(C(F)(F)F)cc1.[F-]|O=S(=O)(O[C@H]1C[C@@H](OCc2ccccc2)C1)c1ccc(C(F)(F)F)cc1.[F-]>>F[C@H]1C[C@H](OCc2ccccc2)C1,12
c1c(ccc(c1)CO)c1ccccc1.C1CCC2=NCCCN2CC1>>[O-]Cc1ccc(-c2ccccc2)cc1.C1CCC2=[NH+]CCCN2CC1|[O-]Cc1ccc(-c2ccccc2)cc1.c1ccnc(c1)S(=O)(=O)F>>O=S(=O)(OCc1ccc(-c2ccccc2)cc1)c1ccccn1.[F-]|O=S(=O)(OCc1ccc(-c2ccccc2)cc1)c1ccccn1.[F-]>>FCc1ccc(-c2ccccc2)cc1,12
C=CC(CCCCCCC)O.C1CCC2=NCCCN2CC1>>C=CC([O-])CCCCCCC.C1CCC2=[NH+]CCCN2CC1|C=CC([O-])CCCCCCC.C(C(C(F)(F)S(=O)(=O)F)(F)F)(C(F)(F)F)(F)F>>C=CC(CCCCCCC)OS(=O)(=O)C(F)(F)C(F)(F)C(F)(F)C(F)(F)F.[F-]|C=CC(CCCCCCC)OS(=O)(=O)C(F)(F)C(F)(F)C(F)(F)C(F)(F)F.[F-]>>C=CC(F)CCCCCCC,13
O1C[C@@H]([C@@H]2[C@H]1[C@@H](CO2)O)OC(=O)C.CC(C)(C)N=C(N(C)C)N(C)C>>CC(=O)O[C@H]1CO[C@H]2[C@@H]1OC[C@H]2[O-].CN(C)C(=[NH+]C(C)(C)C)N(C)C|CC(=O)O[C@H]1CO[C@H]2[C@@H]1OC[C@H]2[O-].c1cc(ccc1[N+](=O)[O-])S(=O)(=O)F>>CC(=O)O[C@H]1CO[C@H]2[C@@H]1OC[C@H]2OS(=O)(=O)c1ccc([N+](=O)[O-])cc1.[F-]|CC(=O)O[C@H]1CO[C@H]2[C@@H]1OC[C@H]2OS(=O)(=O)c1ccc([N+](=O)[O-])cc1.[F-]>>CC(=O)O[C@H]1CO[C@H]2[C@@H]1OC[C@@H]2F,12
OC/C=C(/CC/C=C(\C)/CCC=C(C)C)\C.C1CCC2=NCCCN2CC1>>CC(C)=CCC/C(C)=C/CC/C(C)=C/C[O-].C1CCC2=[NH+]CCCN2CC1|CC(C)=CCC/C(C)=C/CC/C(C)=C/C[O-].c1cc(ccc1C(F)(F)F)S(=O)(=O)F>>CC(C)=CCC/C(C)=C/CC/C(C)=C/COS(=O)(=O)c1ccc(C(F)(F)F)cc1.[F-]|CC(C)=CCC/C(C)=C/CC/C(C)=C/COS(=O)(=O)c1ccc(C(F)(F)F)cc1.[F-]>>CC(C)=CCC/C(C)=C/CC/C(C)=C/CF,8
C=CC(CCCCCCC)O.CN1CCCN2CCCN=C12>>C=CC([O-])CCCCCCC.CN1CCCN2CCC[NH+]=C12|C=CC([O-])CCCCCCC.c1ccnc(c1)S(=O)(=O)F>>C=CC(CCCCCCC)OS(=O)(=O)c1ccccn1.[F-]|C=CC(CCCCCCC)OS(=O)(=O)c1ccccn1.[F-]>>C=CC(F)CCCCCCC,13
c1ccc2c(c1)C(=O)N(C2=O)C1CC[C@H](CC1)O.CN1CCCN2CCCN=C12>>O=C1c2ccccc2C(=O)N1C1CCC([O-])CC1.CN1CCCN2CCC[NH+]=C12|O=C1c2ccccc2C(=O)N1C1CCC([O-])CC1.c1cc(ccc1[N+](=O)[O-])S(=O)(=O)F>>O=C1c2ccccc2C(=O)N1C1CCC(OS(=O)(=O)c2ccc([N+](=O)[O-])cc2)CC1.[F-]|O=C1c2ccccc2C(=O)N1C1CCC(OS(=O)(=O)c2ccc([N+](=O)[O-])cc2)CC1.[F-]>>O=C1c2ccccc2C(=O)N1C1CCC(F)CC1,12
c1cccc(c1c1nnnn1C(c1ccccc1)(c1ccccc1)c1ccccc1)c1ccc(cc1)Cn1c(c(nc1CCCC)Cl)CO.CC(C)(C)N=C(N(C)C)N(C)C>>CCCCc1nc(Cl)c(C[O-])n1Cc1ccc(-c2ccccc2-c2nnnn2C(c2ccccc2)(c2ccccc2)c2ccccc2)cc1.CN(C)C(=[NH+]C(C)(C)C)N(C)C|CCCCc1nc(Cl)c(C[O-])n1Cc1ccc(-c2ccccc2-c2nnnn2C(c2ccccc2)(c2ccccc2)c2ccccc2)cc1.c1ccnc(c1)S(=O)(=O)F>>CCCCc1nc(Cl)c(COS(=O)(=O)c2ccccn2)n1Cc1ccc(-c2ccccc2-c2nnnn2C(c2ccccc2)(c2ccccc2)c2ccccc2)cc1.[F-]|CCCCc1nc(Cl)c(COS(=O)(=O)c2ccccn2)n1Cc1ccc(-c2ccccc2-c2nnnn2C(c2ccccc2)(c2ccccc2)c2ccccc2)cc1.[F-]>>CCCCc1nc(Cl)c(CF)n1Cc1ccc(-c2ccccc2-c2nnnn2C(c2ccccc2)(c2ccccc2)c2ccccc2)cc1,7
C1[C@@H](CC2=CC[C@@H]3[C@@H]([C@]2(C1)C)CC[C@]1([C@H]3CC=C1c1cnccc1)C)O.CC(C)(C)N=P(N1CCCC1)(N2CCCC2)N3CCCC3>>C[C@]12CC[C@H]([O-])CC1=CC[C@@H]1[C@@H]2CC[C@]2(C)C(c3cccnc3)=CC[C@@H]12.CC(C)(C)[NH+]=P(N1CCCC1)(N1CCCC1)N1CCCC1|C[C@]12CC[C@H]([O-])CC1=CC[C@@H]1[C@@H]2CC[C@]2(C)C(c3cccnc3)=CC[C@@H]12.c1cc(ccc1[N+](=O)[O-])S(=O)(=O)F>>C[C@]12CC[C@H](OS(=O)(=O)c3ccc([N+](=O)[O-])cc3)CC1=CC[C@@H]1[C@@H]2CC[C@]2(C)C(c3cccnc3)=CC[C@@H]12.[F-]|C[C@]12CC[C@H](OS(=O)(=O)c3ccc([N+](=O)[O-])cc3)CC1=CC[C@@H]1[C@@H]2CC[C@]2(C)C(c3cccnc3)=CC[C@@H]12.[F-]>>C[C@]12CC[C@@H](F)CC1=CC[C@@H]1[C@@H]2CC[C@]2(C)C(c3cccnc3)=CC[C@@H]12,2
c1ccc2c(c1)C(=O)N(C2=O)C1CC[C@@H](CC1)O.C1CCC2=NCCCN2CC1>>O=C1c2ccccc2C(=O)N1C1CCC([O-])CC1.C1CCC2=[NH+]CCCN2CC1|O=C1c2ccccc2C(=O)N1C1CCC([O-])CC1.c1cc(ccc1[N+](=O)[O-])S(=O)(=O)F>>O=C1c2ccccc2C(=O)N1C1CCC(OS(=O)(=O)c2ccc([N+](=O)[O-])cc2)CC1.[F-]|O=C1c2ccccc2C(=O)N1C1CCC(OS(=O)(=O)c2ccc([N+](=O)[O-])cc2)CC1.[F-]>>O=C1c2ccccc2C(=O)N1C1CCC(F)CC1,7
c1ccc2c(c1)C(=O)N(C2=O)C1CC[C@H](CC1)O.C1CCC2=NCCCN2CC1>>O=C1c2ccccc2C(=O)N1C1CCC([O-])CC1.C1CCC2=[NH+]CCCN2CC1|O=C1c2ccccc2C(=O)N1C1CCC([O-])CC1.c1cc(ccc1[N+](=O)[O-])S(=O)(=O)F>>O=C1c2ccccc2C(=O)N1C1CCC(OS(=O)(=O)c2ccc([N+](=O)[O-])cc2)CC1.[F-]|O=C1c2ccccc2C(=O)N1C1CCC(OS(=O)(=O)c2ccc([N+](=O)[O-])cc2)CC1.[F-]>>O=C1c2ccccc2C(=O)N1C1CCC(F)CC1,12
c1cccc(c1c1nnnn1C(c1ccccc1)(c1ccccc1)c1ccccc1)c1ccc(cc1)Cn1c(c(nc1CCCC)Cl)CO.C1CCC2=NCCCN2CC1>>CCCCc1nc(Cl)c(C[O-])n1Cc1ccc(-c2ccccc2-c2nnnn2C(c2ccccc2)(c2ccccc2)c2ccccc2)cc1.C1CCC2=[NH+]CCCN2CC1|CCCCc1nc(Cl)c(C[O-])n1Cc1ccc(-c2ccccc2-c2nnnn2C(c2ccccc2)(c2ccccc2)c2ccccc2)cc1.c1ccnc(c1)S(=O)(=O)F>>CCCCc1nc(Cl)c(COS(=O)(=O)c2ccccn2)n1Cc1ccc(-c2ccccc2-c2nnnn2C(c2ccccc2)(c2ccccc2)c2ccccc2)cc1.[F-]|CCCCc1nc(Cl)c(COS(=O)(=O)c2ccccn2)n1Cc1ccc(-c2ccccc2-c2nnnn2C(c2ccccc2)(c2ccccc2)c2ccccc2)cc1.[F-]>>CCCCc1nc(Cl)c(CF)n1Cc1ccc(-c2ccccc2-c2nnnn2C(c2ccccc2)(c2ccccc2)c2ccccc2)cc1,8
C1CCN(C(C1)CO)CCCc1ccccc1.C1CCC2=NCCCN2CC1>>[O-]CC1CCCCN1CCCc1ccccc1.C1CCC2=[NH+]CCCN2CC1|[O-]CC1CCCCN1CCCc1ccccc1.c1cc(ccc1[N+](=O)[O-])S(=O)(=O)F>>O=[N+]([O-])c1ccc(S(=O)(=O)OCC2CCCCN2CCCc2ccccc2)cc1.[F-]|O=[N+]([O-])c1ccc(S(=O)(=O)OCC2CCCCN2CCCc2ccccc2)cc1.[F-]>>FCC1CCCCN1CCCc1ccccc1,8
C1CCN(C(C1)CO)CCCc1ccccc1.C1CCC2=NCCCN2CC1>>[O-]CC1CCCCN1CCCc1ccccc1.C1CCC2=[NH+]CCCN2CC1|[O-]CC1CCCCN1CCCc1ccccc1.c1cc(ccc1S(=O)(=O)F)Cl>>O=S(=O)(OCC1CCCCN1CCCc1ccccc1)c1ccc(Cl)cc1.[F-]|O=S(=O)(OCC1CCCCN1CCCc1ccccc1)c1ccc(Cl)cc1.[F-]>>FCC1CCCCN1CCCc1ccccc1,6
c1cccc(c1c1nnnn1C(c1ccccc1)(c1ccccc1)c1ccccc1)c1ccc(cc1)Cn1c(c(nc1CCCC)Cl)CO.CC(C)(C)N=P(N1CCCC1)(N2CCCC2)N3CCCC3>>CCCCc1nc(Cl)c(C[O-])n1Cc1ccc(-c2ccccc2-c2nnnn2C(c2ccccc2)(c2ccccc2)c2ccccc2)cc1.CC(C)(C)[NH+]=P(N1CCCC1)(N1CCCC1)N1CCCC1|CCCCc1nc(Cl)c(C[O-])n1Cc1ccc(-c2ccccc2-c2nnnn2C(c2ccccc2)(c2ccccc2)c2ccccc2)cc1.c1ccnc(c1)S(=O)(=O)F>>CCCCc1nc(Cl)c(COS(=O)(=O)c2ccccn2)n1Cc1ccc(-c2ccccc2-c2nnnn2C(c2ccccc2)(c2ccccc2)c2ccccc2)cc1.[F-]|CCCCc1nc(Cl)c(COS(=O)(=O)c2ccccn2)n1Cc1ccc(-c2ccccc2-c2nnnn2C(c2ccccc2)(c2ccccc2)c2ccccc2)cc1.[F-]>>CCCCc1nc(Cl)c(CF)n1Cc1ccc(-c2ccccc2-c2nnnn2C(c2ccccc2)(c2ccccc2)c2ccccc2)cc1,5
c1(ncc(n1CCO)[N+](=O)[O-])C.C1CCC2=NCCCN2CC1>>Cc1ncc([N+](=O)[O-])n1CC[O-].C1CCC2=[NH+]CCCN2CC1|Cc1ncc([N+](=O)[O-])n1CC[O-].c1cc(ccc1[N+](=O)[O-])S(=O)(=O)F>>Cc1ncc([N+](=O)[O-])n1CCOS(=O)(=O)c1ccc([N+](=O)[O-])cc1.[F-]|Cc1ncc([N+](=O)[O-])n1CCOS(=O)(=O)c1ccc([N+](=O)[O-])cc1.[F-]>>Cc1ncc([N+](=O)[O-])n1CCF,17
N([C@@H](CO)C(=O)OC)C(c1ccccc1)(c1ccccc1)c1ccccc1.CN1CCCN2CCCN=C12>>COC(=O)[C@H](C[O-])NC(c1ccccc1)(c1ccccc1)c1ccccc1.CN1CCCN2CCC[NH+]=C12|COC(=O)[C@H](C[O-])NC(c1ccccc1)(c1ccccc1)c1ccccc1.c1ccnc(c1)S(=O)(=O)F>>COC(=O)[C@H](COS(=O)(=O)c1ccccn1)NC(c1ccccc1)(c1ccccc1)c1ccccc1.[F-]|COC(=O)[C@H](COS(=O)(=O)c1ccccn1)NC(c1ccccc1)(c1ccccc1)c1ccccc1.[F-]>>COC(=O)[C@H](CF)NC(c1ccccc1)(c1ccccc1)c1ccccc1,8
C1=C[C@]2(C(=CC1=O)CC[C@@H]1[C@@H]2C(=O)C[C@]2([C@H]1CC[C@@]2(C(=O)CO)O)C)C.CC(C)(C)N=C(N(C)C)N(C)C>>C[C@]12C=CC(=O)C=C1CC[C@@H]1[C@@H]2C(=O)C[C@@]2(C)[C@H]1CC[C@]2(O)C(=O)C[O-].CN(C)C(=[NH+]C(C)(C)C)N(C)C|C[C@]12C=CC(=O)C=C1CC[C@@H]1[C@@H]2C(=O)C[C@@]2(C)[C@H]1CC[C@]2(O)C(=O)C[O-].c1cc(ccc1[N+](=O)[O-])S(=O)(=O)F>>C[C@]12C=CC(=O)C=C1CC[C@@H]1[C@@H]2C(=O)C[C@@]2(C)[C@H]1CC[C@]2(OS(=O)(=O)c1ccc([N+](=O)[O-])cc1)C(=O)CO.[F-]|C[C@]12C=CC(=O)C=C1CC[C@@H]1[C@@H]2C(=O)C[C@@]2(C)[C@H]1CC[C@]2(OS(=O)(=O)c1ccc([N+](=O)[O-])cc1)C(=O)CO.[F-]>>C[C@]12C=CC(=O)C=C1CC[C@@H]1[C@@H]2C(=O)C[C@@]2(C)[C@H]1CC[C@]2(F)C(=O)CO,14
c1ccc2c(c1)C(=O)N(C2=O)C1CC[C@@H](CC1)O.C1CCC2=NCCCN2CC1>>O=C1c2ccccc2C(=O)N1C1CCC([O-])CC1.C1CCC2=[NH+]CCCN2CC1|O=C1c2ccccc2C(=O)N1C1CCC([O-])CC1.C(C(C(F)(F)S(=O)(=O)F)(F)F)(C(F)(F)F)(F)F>>O=C1c2ccccc2C(=O)N1C1CCC(OS(=O)(=O)C(F)(F)C(F)(F)C(F)(F)C(F)(F)F)CC1.[F-]|O=C1c2ccccc2C(=O)N1C1CCC(OS(=O)(=O)C(F)(F)C(F)(F)C(F)(F)C(F)(F)F)CC1.[F-]>>O=C1c2ccccc2C(=O)N1C1CCC(F)CC1,8
N([C@@H](CO)C(=O)OC)C(c1ccccc1)(c1ccccc1)c1ccccc1.CC(C)(C)N=C(N(C)C)N(C)C>>COC(=O)[C@H](C[O-])NC(c1ccccc1)(c1ccccc1)c1ccccc1.CN(C)C(=[NH+]C(C)(C)C)N(C)C|COC(=O)[C@H](C[O-])NC(c1ccccc1)(c1ccccc1)c1ccccc1.c1cc(ccc1C(F)(F)F)S(=O)(=O)F>>COC(=O)[C@H](COS(=O)(=O)c1ccc(C(F)(F)F)cc1)NC(c1ccccc1)(c1ccccc1)c1ccccc1.[F-]|COC(=O)[C@H](COS(=O)(=O)c1ccc(C(F)(F)F)cc1)NC(c1ccccc1)(c1ccccc1)c1ccccc1.[F-]>>COC(=O)[C@H](CF)NC(c1ccccc1)(c1ccccc1)c1ccccc1,7
C1N(CCC1)[C@H]([C@@H](c1ccccc1)O)C.CC(C)(C)N=P(N1CCCC1)(N2CCCC2)N3CCCC3>>C[C@@H]([C@H]([O-])c1ccccc1)N1CCCC1.CC(C)(C)[NH+]=P(N1CCCC1)(N1CCCC1)N1CCCC1|C[C@@H]([C@H]([O-])c1ccccc1)N1CCCC1.c1cc(ccc1S(=O)(=O)F)Cl>>C[C@@H]([C@H](OS(=O)(=O)c1ccc(Cl)cc1)c1ccccc1)N1CCCC1.[F-]|C[C@@H]([C@H](OS(=O)(=O)c1ccc(Cl)cc1)c1ccccc1)N1CCCC1.[F-]>>C[C@@H]([C@@H](F)c1ccccc1)N1CCCC1,18
N([C@@H](CO)C(=O)OC)C(c1ccccc1)(c1ccccc1)c1ccccc1.CN1CCCN2CCCN=C12>>COC(=O)[C@H](C[O-])NC(c1ccccc1)(c1ccccc1)c1ccccc1.CN1CCCN2CCC[NH+]=C12|COC(=O)[C@H](C[O-])NC(c1ccccc1)(c1ccccc1)c1ccccc1.c1cc(ccc1C(F)(F)F)S(=O)(=O)F>>COC(=O)[C@H](COS(=O)(=O)c1ccc(C(F)(F)F)cc1)NC(c1ccccc1)(c1ccccc1)c1ccccc1.[F-]|COC(=O)[C@H](COS(=O)(=O)c1ccc(C(F)(F)F)cc1)NC(c1ccccc1)(c1ccccc1)c1ccccc1.[F-]>>COC(=O)[C@H](CF)NC(c1ccccc1)(c1ccccc1)c1ccccc1,8
C1[C@@H](CC2=CC[C@@H]3[C@@H]([C@]2(C1)C)CC[C@]1([C@H]3CC=C1c1cnccc1)C)O.C1CCC2=NCCCN2CC1>>C[C@]12CC[C@H]([O-])CC1=CC[C@@H]1[C@@H]2CC[C@]2(C)C(c3cccnc3)=CC[C@@H]12.C1CCC2=[NH+]CCCN2CC1|C[C@]12CC[C@H]([O-])CC1=CC[C@@H]1[C@@H]2CC[C@]2(C)C(c3cccnc3)=CC[C@@H]12.C(C(C(F)(F)S(=O)(=O)F)(F)F)(C(F)(F)F)(F)F>>C[C@]12CC[C@H](OS(=O)(=O)C(F)(F)C(F)(F)C(F)(F)C(F)(F)F)CC1=CC[C@@H]1[C@@H]2CC[C@]2(C)C(c3cccnc3)=CC[C@@H]12.[F-]|C[C@]12CC[C@H](OS(=O)(=O)C(F)(F)C(F)(F)C(F)(F)C(F)(F)F)CC1=CC[C@@H]1[C@@H]2CC[C@]2(C)C(c3cccnc3)=CC[C@@H]12.[F-]>>C[C@]12CC[C@@H](F)CC1=CC[C@@H]1[C@@H]2CC[C@]2(C)C(c3cccnc3)=CC[C@@H]12,13
OC/C=C(/CC/C=C(\C)/CCC=C(C)C)\C.C1CCC2=NCCCN2CC1>>CC(C)=CCC/C(C)=C/CC/C(C)=C/C[O-].C1CCC2=[NH+]CCCN2CC1|CC(C)=CCC/C(C)=C/CC/C(C)=C/C[O-].C(C(C(F)(F)S(=O)(=O)F)(F)F)(C(F)(F)F)(F)F>>CC(C)=CCC/C(C)=C/CC/C(C)=C/COS(=O)(=O)C(F)(F)C(F)(F)C(F)(F)C(F)(F)F.[F-]|CC(C)=CCC/C(C)=C/CC/C(C)=C/COS(=O)(=O)C(F)(F)C(F)(F)C(F)(F)C(F)(F)F.[F-]>>CC(C)=CCC/C(C)=C/CC/C(C)=C/CF,15
C1[C@H]([C@H]2[C@@]34C(C1)[C@H]([C@H](O[C@@H]3O[C@@](CC2)(OO4)C)O)C)C.CC(C)(C)N=C(N(C)C)N(C)C>>C[C@@H]1CCC2[C@@H](C)[C@@H]([O-])O[C@@H]3O[C@@]4(C)CC[C@@H]1[C@@]23OO4.CN(C)C(=[NH+]C(C)(C)C)N(C)C|C[C@@H]1CCC2[C@@H](C)[C@@H]([O-])O[C@@H]3O[C@@]4(C)CC[C@@H]1[C@@]23OO4.c1cc(ccc1S(=O)(=O)F)Cl>>C[C@@H]1CCC2[C@@H](C)[C@@H](OS(=O)(=O)c3ccc(Cl)cc3)O[C@@H]3O[C@@]4(C)CC[C@@H]1[C@@]23OO4.[F-]|C[C@@H]1CCC2[C@@H](C)[C@@H](OS(=O)(=O)c3ccc(Cl)cc3)O[C@@H]3O[C@@]4(C)CC[C@@H]1[C@@]23OO4.[F-]>>C[C@@H]1CCC2[C@@H](C)[C@H](F)O[C@@H]3O[C@@]4(C)CC[C@@H]1[C@@]23OO4,15
c1(c(cc(c(c1)C(C)O)[N+](=O)[O-])OCCCC(=O)OC)OC.CC(C)(C)N=C(N(C)C)N(C)C>>COC(=O)CCCOc1cc([N+](=O)[O-])c(C(C)[O-])cc1OC.CN(C)C(=[NH+]C(C)(C)C)N(C)C|COC(=O)CCCOc1cc([N+](=O)[O-])c(C(C)[O-])cc1OC.C(C(C(F)(F)S(=O)(=O)F)(F)F)(C(F)(F)F)(F)F>>COC(=O)CCCOc1cc([N+](=O)[O-])c(C(C)OS(=O)(=O)C(F)(F)C(F)(F)C(F)(F)C(F)(F)F)cc1OC.[F-]|COC(=O)CCCOc1cc([N+](=O)[O-])c(C(C)OS(=O)(=O)C(F)(F)C(F)(F)C(F)(F)C(F)(F)F)cc1OC.[F-]>>COC(=O)CCCOc1cc([N+](=O)[O-])c(C(C)F)cc1OC,18
c1(CCC(C)(O)C)ccccc1.CN1CCCN2CCCN=C12>>CC(C)([O-])CCc1ccccc1.CN1CCCN2CCC[NH+]=C12|CC(C)([O-])CCc1ccccc1.C(C(C(F)(F)S(=O)(=O)F)(F)F)(C(F)(F)F)(F)F>>CC(C)(CCc1ccccc1)OS(=O)(=O)C(F)(F)C(F)(F)C(F)(F)C(F)(F)F.[F-]|CC(C)(CCc1ccccc1)OS(=O)(=O)C(F)(F)C(F)(F)C(F)(F)C(F)(F)F.[F-]>>CC(C)(F)CCc1ccccc1,18
C1[C@@H](CC2=CC[C@@H]3[C@@H]([C@]2(C1)C)CC[C@]1([C@H]3CC=C1c1cnccc1)C)O.CN1CCCN2CCCN=C12>>C[C@]12CC[C@H]([O-])CC1=CC[C@@H]1[C@@H]2CC[C@]2(C)C(c3cccnc3)=CC[C@@H]12.CN1CCCN2CCC[NH+]=C12|C[C@]12CC[C@H]([O-])CC1=CC[C@@H]1[C@@H]2CC[C@]2(C)C(c3cccnc3)=CC[C@@H]12.C(C(C(F)(F)S(=O)(=O)F)(F)F)(C(F)(F)F)(F)F>>C[C@]12CC[C@H](OS(=O)(=O)C(F)(F)C(F)(F)C(F)(F)C(F)(F)F)CC1=CC[C@@H]1[C@@H]2CC[C@]2(C)C(c3cccnc3)=CC[C@@H]12.[F-]|C[C@]12CC[C@H](OS(=O)(=O)C(F)(F)C(F)(F)C(F)(F)C(F)(F)F)CC1=CC[C@@H]1[C@@H]2CC[C@]2(C)C(c3cccnc3)=CC[C@@H]12.[F-]>>C[C@]12CC[C@@H](F)CC1=CC[C@@H]1[C@@H]2CC[C@]2(C)C(c3cccnc3)=CC[C@@H]12,13
N([C@@H](CO)C(=O)OC)C(c1ccccc1)(c1ccccc1)c1ccccc1.CC(C)(C)N=P(N1CCCC1)(N2CCCC2)N3CCCC3>>COC(=O)[C@H](C[O-])NC(c1ccccc1)(c1ccccc1)c1ccccc1.CC(C)(C)[NH+]=P(N1CCCC1)(N1CCCC1)N1CCCC1|COC(=O)[C@H](C[O-])NC(c1ccccc1)(c1ccccc1)c1ccccc1.C(C(C(F)(F)S(=O)(=O)F)(F)F)(C(F)(F)F)(F)F>>COC(=O)[C@H](COS(=O)(=O)C(F)(F)C(F)(F)C(F)(F)C(F)(F)F)NC(c1ccccc1)(c1ccccc1)c1ccccc1.[F-]|COC(=O)[C@H](COS(=O)(=O)C(F)(F)C(F)(F)C(F)(F)C(F)(F)F)NC(c1ccccc1)(c1ccccc1)c1ccccc1.[F-]>>COC(=O)[C@H](CF)NC(c1ccccc1)(c1ccccc1)c1ccccc1,28
c1(c(cc(c(c1)C(C)O)[N+](=O)[O-])OCCCC(=O)OC)OC.C1CCC2=NCCCN2CC1>>COC(=O)CCCOc1cc([N+](=O)[O-])c(C(C)[O-])cc1OC.C1CCC2=[NH+]CCCN2CC1|COC(=O)CCCOc1cc([N+](=O)[O-])c(C(C)[O-])cc1OC.c1ccnc(c1)S(=O)(=O)F>>COC(=O)CCCOc1cc([N+](=O)[O-])c(C(C)OS(=O)(=O)c2ccccn2)cc1OC.[F-]|COC(=O)CCCOc1cc([N+](=O)[O-])c(C(C)OS(=O)(=O)c2ccccn2)cc1OC.[F-]>>COC(=O)CCCOc1cc([N+](=O)[O-])c(C(C)F)cc1OC,29
c1cc(ccc1c1onc(c1)CO)F.C1CCC2=NCCCN2CC1>>[O-]Cc1cc(-c2ccc(F)cc2)on1.C1CCC2=[NH+]CCCN2CC1|[O-]Cc1cc(-c2ccc(F)cc2)on1.c1cc(ccc1S(=O)(=O)F)Cl>>O=S(=O)(OCc1cc(-c2ccc(F)cc2)on1)c1ccc(Cl)cc1.[F-]|O=S(=O)(OCc1cc(-c2ccc(F)cc2)on1)c1ccc(Cl)cc1.[F-]>>FCc1cc(-c2ccc(F)cc2)on1,16
C1(C(C(C(O1)n1c2c(nc1)c(ncn2)N(Cc1ccccc1)Cc1ccccc1)OCc1ccccc1)OCc1ccccc1)CO.C1CCC2=NCCCN2CC1>>[O-]CC1OC(n2cnc3c(N(Cc4ccccc4)Cc4ccccc4)ncnc32)C(OCc2ccccc2)C1OCc1ccccc1.C1CCC2=[NH+]CCCN2CC1|[O-]CC1OC(n2cnc3c(N(Cc4ccccc4)Cc4ccccc4)ncnc32)C(OCc2ccccc2)C1OCc1ccccc1.c1ccnc(c1)S(=O)(=O)F>>O=S(=O)(OCC1OC(n2cnc3c(N(Cc4ccccc4)Cc4ccccc4)ncnc32)C(OCc2ccccc2)C1OCc1ccccc1)c1ccccn1.[F-]|O=S(=O)(OCC1OC(n2cnc3c(N(Cc4ccccc4)Cc4ccccc4)ncnc32)C(OCc2ccccc2)C1OCc1ccccc1)c1ccccn1.[F-]>>FCC1OC(n2cnc3c(N(Cc4ccccc4)Cc4ccccc4)ncnc32)C(OCc2ccccc2)C1OCc1ccccc1,13
C1[C@H]([C@H]2[C@@]34C(C1)[C@H]([C@H](O[C@@H]3O[C@@](CC2)(OO4)C)O)C)C.CC(C)(C)N=P(N1CCCC1)(N2CCCC2)N3CCCC3>>C[C@@H]1CCC2[C@@H](C)[C@@H]([O-])O[C@@H]3O[C@@]4(C)CC[C@@H]1[C@@]23OO4.CC(C)(C)[NH+]=P(N1CCCC1)(N1CCCC1)N1CCCC1|C[C@@H]1CCC2[C@@H](C)[C@@H]([O-])O[C@@H]3O[C@@]4(C)CC[C@@H]1[C@@]23OO4.c1cc(ccc1S(=O)(=O)F)Cl>>C[C@@H]1CCC2[C@@H](C)[C@@H](OS(=O)(=O)c3ccc(Cl)cc3)O[C@@H]3O[C@@]4(C)CC[C@@H]1[C@@]23OO4.[F-]|C[C@@H]1CCC2[C@@H](C)[C@@H](OS(=O)(=O)c3ccc(Cl)cc3)O[C@@H]3O[C@@]4(C)CC[C@@H]1[C@@]23OO4.[F-]>>C[C@@H]1CCC2[C@@H](C)[C@H](F)O[C@@H]3O[C@@]4(C)CC[C@@H]1[C@@]23OO4,14
C1(C(C(C(O1)n1c2c(nc1)c(ncn2)N(Cc1ccccc1)Cc1ccccc1)OCc1ccccc1)OCc1ccccc1)CO.C1CCC2=NCCCN2CC1>>[O-]CC1OC(n2cnc3c(N(Cc4ccccc4)Cc4ccccc4)ncnc32)C(OCc2ccccc2)C1OCc1ccccc1.C1CCC2=[NH+]CCCN2CC1|[O-]CC1OC(n2cnc3c(N(Cc4ccccc4)Cc4ccccc4)ncnc32)C(OCc2ccccc2)C1OCc1ccccc1.c1cc(ccc1C(F)(F)F)S(=O)(=O)F>>O=S(=O)(OCC1OC(n2cnc3c(N(Cc4ccccc4)Cc4ccccc4)ncnc32)C(OCc2ccccc2)C1OCc1ccccc1)c1ccc(C(F)(F)F)cc1.[F-]|O=S(=O)(OCC1OC(n2cnc3c(N(Cc4ccccc4)Cc4ccccc4)ncnc32)C(OCc2ccccc2)C1OCc1ccccc1)c1ccc(C(F)(F)F)cc1.[F-]>>FCC1OC(n2cnc3c(N(Cc4ccccc4)Cc4ccccc4)ncnc32)C(OCc2ccccc2)C1OCc1ccccc1,14
c1c(ccc(c1)CO)c1ccccc1.C1CCC2=NCCCN2CC1>>[O-]Cc1ccc(-c2ccccc2)cc1.C1CCC2=[NH+]CCCN2CC1|[O-]Cc1ccc(-c2ccccc2)cc1.c1cc(ccc1C(F)(F)F)S(=O)(=O)F>>O=S(=O)(OCc1ccc(-c2ccccc2)cc1)c1ccc(C(F)(F)F)cc1.[F-]|O=S(=O)(OCc1ccc(-c2ccccc2)cc1)c1ccc(C(F)(F)F)cc1.[F-]>>FCc1ccc(-c2ccccc2)cc1,17
C=CC(CCCCCCC)O.CC(C)(C)N=C(N(C)C)N(C)C>>C=CC([O-])CCCCCCC.CN(C)C(=[NH+]C(C)(C)C)N(C)C|C=CC([O-])CCCCCCC.C(C(C(F)(F)S(=O)(=O)F)(F)F)(C(F)(F)F)(F)F>>C=CC(CCCCCCC)OS(=O)(=O)C(F)(F)C(F)(F)C(F)(F)C(F)(F)F.[F-]|C=CC(CCCCCCC)OS(=O)(=O)C(F)(F)C(F)(F)C(F)(F)C(F)(F)F.[F-]>>C=CC(F)CCCCCCC,13
c1cc(ccc1c1onc(c1)CO)F.C1CCC2=NCCCN2CC1>>[O-]Cc1cc(-c2ccc(F)cc2)on1.C1CCC2=[NH+]CCCN2CC1|[O-]Cc1cc(-c2ccc(F)cc2)on1.c1ccnc(c1)S(=O)(=O)F>>O=S(=O)(OCc1cc(-c2ccc(F)cc2)on1)c1ccccn1.[F-]|O=S(=O)(OCc1cc(-c2ccc(F)cc2)on1)c1ccccn1.[F-]>>FCc1cc(-c2ccc(F)cc2)on1,18
c1ccc2c(c1)CC(C2)O.CC(C)(C)N=C(N(C)C)N(C)C>>[O-]C1Cc2ccccc2C1.CN(C)C(=[NH+]C(C)(C)C)N(C)C|[O-]C1Cc2ccccc2C1.c1cc(ccc1S(=O)(=O)F)Cl>>O=S(=O)(OC1Cc2ccccc2C1)c1ccc(Cl)cc1.[F-]|O=S(=O)(OC1Cc2ccccc2C1)c1ccc(Cl)cc1.[F-]>>FC1Cc2ccccc2C1,20
OC/C=C(/CC/C=C(\C)/CCC=C(C)C)\C.C1CCC2=NCCCN2CC1>>CC(C)=CCC/C(C)=C/CC/C(C)=C/C[O-].C1CCC2=[NH+]CCCN2CC1|CC(C)=CCC/C(C)=C/CC/C(C)=C/C[O-].c1ccnc(c1)S(=O)(=O)F>>CC(C)=CCC/C(C)=C/CC/C(C)=C/COS(=O)(=O)c1ccccn1.[F-]|CC(C)=CCC/C(C)=C/CC/C(C)=C/COS(=O)(=O)c1ccccn1.[F-]>>CC(C)=CCC/C(C)=C/CC/C(C)=C/CF,6
c1ccc2c(c1)CC(C2)O.CC(C)(C)N=P(N1CCCC1)(N2CCCC2)N3CCCC3>>[O-]C1Cc2ccccc2C1.CC(C)(C)[NH+]=P(N1CCCC1)(N1CCCC1)N1CCCC1|[O-]C1Cc2ccccc2C1.c1cc(ccc1[N+](=O)[O-])S(=O)(=O)F>>O=[N+]([O-])c1ccc(S(=O)(=O)OC2Cc3ccccc3C2)cc1.[F-]|O=[N+]([O-])c1ccc(S(=O)(=O)OC2Cc3ccccc3C2)cc1.[F-]>>FC1Cc2ccccc2C1,14
C1[C@@H](CC2=CC[C@@H]3[C@@H]([C@]2(C1)C)CC[C@]1([C@H]3CC=C1c1cnccc1)C)O.CC(C)(C)N=P(N1CCCC1)(N2CCCC2)N3CCCC3>>C[C@]12CC[C@H]([O-])CC1=CC[C@@H]1[C@@H]2CC[C@]2(C)C(c3cccnc3)=CC[C@@H]12.CC(C)(C)[NH+]=P(N1CCCC1)(N1CCCC1)N1CCCC1|C[C@]12CC[C@H]([O-])CC1=CC[C@@H]1[C@@H]2CC[C@]2(C)C(c3cccnc3)=CC[C@@H]12.C(C(C(F)(F)S(=O)(=O)F)(F)F)(C(F)(F)F)(F)F>>C[C@]12CC[C@H](OS(=O)(=O)C(F)(F)C(F)(F)C(F)(F)C(F)(F)F)CC1=CC[C@@H]1[C@@H]2CC[C@]2(C)C(c3cccnc3)=CC[C@@H]12.[F-]|C[C@]12CC[C@H](OS(=O)(=O)C(F)(F)C(F)(F)C(F)(F)C(F)(F)F)CC1=CC[C@@H]1[C@@H]2CC[C@]2(C)C(c3cccnc3)=CC[C@@H]12.[F-]>>C[C@]12CC[C@@H](F)CC1=CC[C@@H]1[C@@H]2CC[C@]2(C)C(c3cccnc3)=CC[C@@H]12,7
c1(CCC(C)(O)C)ccccc1.CN1CCCN2CCCN=C12>>CC(C)([O-])CCc1ccccc1.CN1CCCN2CCC[NH+]=C12|CC(C)([O-])CCc1ccccc1.c1cc(ccc1[N+](=O)[O-])S(=O)(=O)F>>CC(C)(CCc1ccccc1)OS(=O)(=O)c1ccc([N+](=O)[O-])cc1.[F-]|CC(C)(CCc1ccccc1)OS(=O)(=O)c1ccc([N+](=O)[O-])cc1.[F-]>>CC(C)(F)CCc1ccccc1,5
O1C[C@@H]([C@@H]2[C@H]1[C@@H](CO2)O)OC(=O)C.C1CCC2=NCCCN2CC1>>CC(=O)O[C@H]1CO[C@H]2[C@@H]1OC[C@H]2[O-].C1CCC2=[NH+]CCCN2CC1|CC(=O)O[C@H]1CO[C@H]2[C@@H]1OC[C@H]2[O-].c1cc(ccc1[N+](=O)[O-])S(=O)(=O)F>>CC(=O)O[C@H]1CO[C@H]2[C@@H]1OC[C@H]2OS(=O)(=O)c1ccc([N+](=O)[O-])cc1.[F-]|CC(=O)O[C@H]1CO[C@H]2[C@@H]1OC[C@H]2OS(=O)(=O)c1ccc([N+](=O)[O-])cc1.[F-]>>CC(=O)O[C@H]1CO[C@H]2[C@@H]1OC[C@@H]2F,7
C1CCN(C(C1)CO)CCCc1ccccc1.C1CCC2=NCCCN2CC1>>[O-]CC1CCCCN1CCCc1ccccc1.C1CCC2=[NH+]CCCN2CC1|[O-]CC1CCCCN1CCCc1ccccc1.c1ccnc(c1)S(=O)(=O)F>>O=S(=O)(OCC1CCCCN1CCCc1ccccc1)c1ccccn1.[F-]|O=S(=O)(OCC1CCCCN1CCCc1ccccc1)c1ccccn1.[F-]>>FCC1CCCCN1CCCc1ccccc1,7
c1ccc2c(c1)C(=O)N(C2=O)C1CC[C@@H](CC1)O.CN1CCCN2CCCN=C12>>O=C1c2ccccc2C(=O)N1C1CCC([O-])CC1.CN1CCCN2CCC[NH+]=C12|O=C1c2ccccc2C(=O)N1C1CCC([O-])CC1.c1ccnc(c1)S(=O)(=O)F>>O=C1c2ccccc2C(=O)N1C1CCC(OS(=O)(=O)c2ccccn2)CC1.[F-]|O=C1c2ccccc2C(=O)N1C1CCC(OS(=O)(=O)c2ccccn2)CC1.[F-]>>O=C1c2ccccc2C(=O)N1C1CCC(F)CC1,7
N([C@@H](CO)C(=O)OC)C(c1ccccc1)(c1ccccc1)c1ccccc1.CC(C)(C)N=P(N1CCCC1)(N2CCCC2)N3CCCC3>>COC(=O)[C@H](C[O-])NC(c1ccccc1)(c1ccccc1)c1ccccc1.CC(C)(C)[NH+]=P(N1CCCC1)(N1CCCC1)N1CCCC1|COC(=O)[C@H](C[O-])NC(c1ccccc1)(c1ccccc1)c1ccccc1.c1cc(ccc1S(=O)(=O)F)Cl>>COC(=O)[C@H](COS(=O)(=O)c1ccc(Cl)cc1)NC(c1ccccc1)(c1ccccc1)c1ccccc1.[F-]|COC(=O)[C@H](COS(=O)(=O)c1ccc(Cl)cc1)NC(c1ccccc1)(c1ccccc1)c1ccccc1.[F-]>>COC(=O)[C@H](CF)NC(c1ccccc1)(c1ccccc1)c1ccccc1,7
c1ccc2c(c1)C(=O)N(C2=O)C1CC[C@H](CC1)O.C1CCC2=NCCCN2CC1>>O=C1c2ccccc2C(=O)N1C1CCC([O-])CC1.C1CCC2=[NH+]CCCN2CC1|O=C1c2ccccc2C(=O)N1C1CCC([O-])CC1.c1cc(ccc1C(F)(F)F)S(=O)(=O)F>>O=C1c2ccccc2C(=O)N1C1CCC(OS(=O)(=O)c2ccc(C(F)(F)F)cc2)CC1.[F-]|O=C1c2ccccc2C(=O)N1C1CCC(OS(=O)(=O)c2ccc(C(F)(F)F)cc2)CC1.[F-]>>O=C1c2ccccc2C(=O)N1C1CCC(F)CC1,5
C1[C@@H](CC2=CC[C@@H]3[C@@H]([C@]2(C1)C)CC[C@]1([C@H]3CC=C1c1cnccc1)C)O.C1CCC2=NCCCN2CC1>>C[C@]12CC[C@H]([O-])CC1=CC[C@@H]1[C@@H]2CC[C@]2(C)C(c3cccnc3)=CC[C@@H]12.C1CCC2=[NH+]CCCN2CC1|C[C@]12CC[C@H]([O-])CC1=CC[C@@H]1[C@@H]2CC[C@]2(C)C(c3cccnc3)=CC[C@@H]12.c1cc(ccc1[N+](=O)[O-])S(=O)(=O)F>>C[C@]12CC[C@H](OS(=O)(=O)c3ccc([N+](=O)[O-])cc3)CC1=CC[C@@H]1[C@@H]2CC[C@]2(C)C(c3cccnc3)=CC[C@@H]12.[F-]|C[C@]12CC[C@H](OS(=O)(=O)c3ccc([N+](=O)[O-])cc3)CC1=CC[C@@H]1[C@@H]2CC[C@]2(C)C(c3cccnc3)=CC[C@@H]12.[F-]>>C[C@]12CC[C@@H](F)CC1=CC[C@@H]1[C@@H]2CC[C@]2(C)C(c3cccnc3)=CC[C@@H]12,5
O1C[C@@H]([C@@H]2[C@H]1[C@@H](CO2)O)OC(=O)C.CN1CCCN2CCCN=C12>>CC(=O)O[C@H]1CO[C@H]2[C@@H]1OC[C@H]2[O-].CN1CCCN2CCC[NH+]=C12|CC(=O)O[C@H]1CO[C@H]2[C@@H]1OC[C@H]2[O-].c1cc(ccc1C(F)(F)F)S(=O)(=O)F>>CC(=O)O[C@H]1CO[C@H]2[C@@H]1OC[C@H]2OS(=O)(=O)c1ccc(C(F)(F)F)cc1.[F-]|CC(=O)O[C@H]1CO[C@H]2[C@@H]1OC[C@H]2OS(=O)(=O)c1ccc(C(F)(F)F)cc1.[F-]>>CC(=O)O[C@H]1CO[C@H]2[C@@H]1OC[C@@H]2F,7
C(C(C)O)Oc1ccccc1.C1CCC2=NCCCN2CC1>>CC([O-])COc1ccccc1.C1CCC2=[NH+]CCCN2CC1|CC([O-])COc1ccccc1.c1ccnc(c1)S(=O)(=O)F>>CC(COc1ccccc1)OS(=O)(=O)c1ccccn1.[F-]|CC(COc1ccccc1)OS(=O)(=O)c1ccccn1.[F-]>>CC(F)COc1ccccc1,34
C1(C(C(C(O1)n1c2c(nc1)c(ncn2)N(Cc1ccccc1)Cc1ccccc1)OCc1ccccc1)OCc1ccccc1)CO.C1CCC2=NCCCN2CC1>>[O-]CC1OC(n2cnc3c(N(Cc4ccccc4)Cc4ccccc4)ncnc32)C(OCc2ccccc2)C1OCc1ccccc1.C1CCC2=[NH+]CCCN2CC1|[O-]CC1OC(n2cnc3c(N(Cc4ccccc4)Cc4ccccc4)ncnc32)C(OCc2ccccc2)C1OCc1ccccc1.c1cc(ccc1[N+](=O)[O-])S(=O)(=O)F>>O=[N+]([O-])c1ccc(S(=O)(=O)OCC2OC(n3cnc4c(N(Cc5ccccc5)Cc5ccccc5)ncnc43)C(OCc3ccccc3)C2OCc2ccccc2)cc1.[F-]|O=[N+]([O-])c1ccc(S(=O)(=O)OCC2OC(n3cnc4c(N(Cc5ccccc5)Cc5ccccc5)ncnc43)C(OCc3ccccc3)C2OCc2ccccc2)cc1.[F-]>>FCC1OC(n2cnc3c(N(Cc4ccccc4)Cc4ccccc4)ncnc32)C(OCc2ccccc2)C1OCc1ccccc1,17
c1ccc2c(c1)C(=O)N(C2=O)C1CC[C@@H](CC1)O.CN1CCCN2CCCN=C12>>O=C1c2ccccc2C(=O)N1C1CCC([O-])CC1.CN1CCCN2CCC[NH+]=C12|O=C1c2ccccc2C(=O)N1C1CCC([O-])CC1.c1cc(ccc1[N+](=O)[O-])S(=O)(=O)F>>O=C1c2ccccc2C(=O)N1C1CCC(OS(=O)(=O)c2ccc([N+](=O)[O-])cc2)CC1.[F-]|O=C1c2ccccc2C(=O)N1C1CCC(OS(=O)(=O)c2ccc([N+](=O)[O-])cc2)CC1.[F-]>>O=C1c2ccccc2C(=O)N1C1CCC(F)CC1,7
O1C[C@@H]([C@@H]2[C@H]1[C@@H](CO2)O)OC(=O)C.CN1CCCN2CCCN=C12>>CC(=O)O[C@H]1CO[C@H]2[C@@H]1OC[C@H]2[O-].CN1CCCN2CCC[NH+]=C12|CC(=O)O[C@H]1CO[C@H]2[C@@H]1OC[C@H]2[O-].c1cc(ccc1[N+](=O)[O-])S(=O)(=O)F>>CC(=O)O[C@H]1CO[C@H]2[C@@H]1OC[C@H]2OS(=O)(=O)c1ccc([N+](=O)[O-])cc1.[F-]|CC(=O)O[C@H]1CO[C@H]2[C@@H]1OC[C@H]2OS(=O)(=O)c1ccc([N+](=O)[O-])cc1.[F-]>>CC(=O)O[C@H]1CO[C@H]2[C@@H]1OC[C@@H]2F,14
C1C2C[C@H](CC(C1)N2C(=O)OC(C)(C)C)O.CN1CCCN2CCCN=C12>>CC(C)(C)OC(=O)N1C2CCC1CC([O-])C2.CN1CCCN2CCC[NH+]=C12|CC(C)(C)OC(=O)N1C2CCC1CC([O-])C2.c1cc(ccc1S(=O)(=O)F)Cl>>CC(C)(C)OC(=O)N1C2CCC1CC(OS(=O)(=O)c1ccc(Cl)cc1)C2.[F-]|CC(C)(C)OC(=O)N1C2CCC1CC(OS(=O)(=O)c1ccc(Cl)cc1)C2.[F-]>>CC(C)(C)OC(=O)N1C2CCC1CC(F)C2,18
OC/C=C(/CC/C=C(\C)/CCC=C(C)C)\C.CN1CCCN2CCCN=C12>>CC(C)=CCC/C(C)=C/CC/C(C)=C/C[O-].CN1CCCN2CCC[NH+]=C12|CC(C)=CCC/C(C)=C/CC/C(C)=C/C[O-].c1ccnc(c1)S(=O)(=O)F>>CC(C)=CCC/C(C)=C/CC/C(C)=C/COS(=O)(=O)c1ccccn1.[F-]|CC(C)=CCC/C(C)=C/CC/C(C)=C/COS(=O)(=O)c1ccccn1.[F-]>>CC(C)=CCC/C(C)=C/CC/C(C)=C/CF,16
O1C[C@@H]([C@@H]2[C@H]1[C@@H](CO2)O)OC(=O)C.CC(C)(C)N=P(N1CCCC1)(N2CCCC2)N3CCCC3>>CC(=O)O[C@H]1CO[C@H]2[C@@H]1OC[C@H]2[O-].CC(C)(C)[NH+]=P(N1CCCC1)(N1CCCC1)N1CCCC1|CC(=O)O[C@H]1CO[C@H]2[C@@H]1OC[C@H]2[O-].c1cc(ccc1C(F)(F)F)S(=O)(=O)F>>CC(=O)O[C@H]1CO[C@H]2[C@@H]1OC[C@H]2OS(=O)(=O)c1ccc(C(F)(F)F)cc1.[F-]|CC(=O)O[C@H]1CO[C@H]2[C@@H]1OC[C@H]2OS(=O)(=O)c1ccc(C(F)(F)F)cc1.[F-]>>CC(=O)O[C@H]1CO[C@H]2[C@@H]1OC[C@@H]2F,23
c1c(ccc(c1)CO)S(=O)(=O)N(CCC)CCC.C1CCC2=NCCCN2CC1>>CCCN(CCC)S(=O)(=O)c1ccc(C[O-])cc1.C1CCC2=[NH+]CCCN2CC1|CCCN(CCC)S(=O)(=O)c1ccc(C[O-])cc1.c1ccnc(c1)S(=O)(=O)F>>CCCN(CCC)S(=O)(=O)c1ccc(COS(=O)(=O)c2ccccn2)cc1.[F-]|CCCN(CCC)S(=O)(=O)c1ccc(COS(=O)(=O)c2ccccn2)cc1.[F-]>>CCCN(CCC)S(=O)(=O)c1ccc(CF)cc1,17
C1N([C@@H](C[C@@H]1O)C(=O)OC)C(=O)OC(C)(C)C.C1CCC2=NCCCN2CC1>>COC(=O)[C@@H]1C[C@H]([O-])CN1C(=O)OC(C)(C)C.C1CCC2=[NH+]CCCN2CC1|COC(=O)[C@@H]1C[C@H]([O-])CN1C(=O)OC(C)(C)C.c1cc(ccc1S(=O)(=O)F)Cl>>COC(=O)[C@@H]1C[C@H](OS(=O)(=O)c2ccc(Cl)cc2)CN1C(=O)OC(C)(C)C.[F-]|COC(=O)[C@@H]1C[C@H](OS(=O)(=O)c2ccc(Cl)cc2)CN1C(=O)OC(C)(C)C.[F-]>>COC(=O)[C@@H]1C[C@@H](F)CN1C(=O)OC(C)(C)C,25
C1C2C[C@H](CC(C1)N2C(=O)OC(C)(C)C)O.C1CCC2=NCCCN2CC1>>CC(C)(C)OC(=O)N1C2CCC1CC([O-])C2.C1CCC2=[NH+]CCCN2CC1|CC(C)(C)OC(=O)N1C2CCC1CC([O-])C2.c1cc(ccc1S(=O)(=O)F)Cl>>CC(C)(C)OC(=O)N1C2CCC1CC(OS(=O)(=O)c1ccc(Cl)cc1)C2.[F-]|CC(C)(C)OC(=O)N1C2CCC1CC(OS(=O)(=O)c1ccc(Cl)cc1)C2.[F-]>>CC(C)(C)OC(=O)N1C2CCC1CC(F)C2,17
C=CC(CCCCCCC)O.C1CCC2=NCCCN2CC1>>C=CC([O-])CCCCCCC.C1CCC2=[NH+]CCCN2CC1|C=CC([O-])CCCCCCC.c1cc(ccc1S(=O)(=O)F)Cl>>C=CC(CCCCCCC)OS(=O)(=O)c1ccc(Cl)cc1.[F-]|C=CC(CCCCCCC)OS(=O)(=O)c1ccc(Cl)cc1.[F-]>>C=CC(F)CCCCCCC,22
C1[C@@H](CC2=CC[C@@H]3[C@@H]([C@]2(C1)C)CC[C@]1([C@H]3CC=C1c1cnccc1)C)O.CN1CCCN2CCCN=C12>>C[C@]12CC[C@H]([O-])CC1=CC[C@@H]1[C@@H]2CC[C@]2(C)C(c3cccnc3)=CC[C@@H]12.CN1CCCN2CCC[NH+]=C12|C[C@]12CC[C@H]([O-])CC1=CC[C@@H]1[C@@H]2CC[C@]2(C)C(c3cccnc3)=CC[C@@H]12.c1cc(ccc1[N+](=O)[O-])S(=O)(=O)F>>C[C@]12CC[C@H](OS(=O)(=O)c3ccc([N+](=O)[O-])cc3)CC1=CC[C@@H]1[C@@H]2CC[C@]2(C)C(c3cccnc3)=CC[C@@H]12.[F-]|C[C@]12CC[C@H](OS(=O)(=O)c3ccc([N+](=O)[O-])cc3)CC1=CC[C@@H]1[C@@H]2CC[C@]2(C)C(c3cccnc3)=CC[C@@H]12.[F-]>>C[C@]12CC[C@@H](F)CC1=CC[C@@H]1[C@@H]2CC[C@]2(C)C(c3cccnc3)=CC[C@@H]12,5
c1ccc2c(c1)C(=O)N(C2=O)C1CC[C@@H](CC1)O.CC(C)(C)N=C(N(C)C)N(C)C>>O=C1c2ccccc2C(=O)N1C1CCC([O-])CC1.CN(C)C(=[NH+]C(C)(C)C)N(C)C|O=C1c2ccccc2C(=O)N1C1CCC([O-])CC1.c1cc(ccc1C(F)(F)F)S(=O)(=O)F>>O=C1c2ccccc2C(=O)N1C1CCC(OS(=O)(=O)c2ccc(C(F)(F)F)cc2)CC1.[F-]|O=C1c2ccccc2C(=O)N1C1CCC(OS(=O)(=O)c2ccc(C(F)(F)F)cc2)CC1.[F-]>>O=C1c2ccccc2C(=O)N1C1CCC(F)CC1,6
c1ccc2c(c1)C(=O)N(C2=O)C1CC[C@@H](CC1)O.CC(C)(C)N=C(N(C)C)N(C)C>>O=C1c2ccccc2C(=O)N1C1CCC([O-])CC1.CN(C)C(=[NH+]C(C)(C)C)N(C)C|O=C1c2ccccc2C(=O)N1C1CCC([O-])CC1.c1cc(ccc1[N+](=O)[O-])S(=O)(=O)F>>O=C1c2ccccc2C(=O)N1C1CCC(OS(=O)(=O)c2ccc([N+](=O)[O-])cc2)CC1.[F-]|O=C1c2ccccc2C(=O)N1C1CCC(OS(=O)(=O)c2ccc([N+](=O)[O-])cc2)CC1.[F-]>>O=C1c2ccccc2C(=O)N1C1CCC(F)CC1,6
c1ccc2c(c1)C(=O)N(C2=O)C1CC[C@@H](CC1)O.CC(C)(C)N=P(N1CCCC1)(N2CCCC2)N3CCCC3>>O=C1c2ccccc2C(=O)N1C1CCC([O-])CC1.CC(C)(C)[NH+]=P(N1CCCC1)(N1CCCC1)N1CCCC1|O=C1c2ccccc2C(=O)N1C1CCC([O-])CC1.c1cc(ccc1C(F)(F)F)S(=O)(=O)F>>O=C1c2ccccc2C(=O)N1C1CCC(OS(=O)(=O)c2ccc(C(F)(F)F)cc2)CC1.[F-]|O=C1c2ccccc2C(=O)N1C1CCC(OS(=O)(=O)c2ccc(C(F)(F)F)cc2)CC1.[F-]>>O=C1c2ccccc2C(=O)N1C1CCC(F)CC1,6
C=CC(CCCCCCC)O.CC(C)(C)N=P(N1CCCC1)(N2CCCC2)N3CCCC3>>C=CC([O-])CCCCCCC.CC(C)(C)[NH+]=P(N1CCCC1)(N1CCCC1)N1CCCC1|C=CC([O-])CCCCCCC.C(C(C(F)(F)S(=O)(=O)F)(F)F)(C(F)(F)F)(F)F>>C=CC(CCCCCCC)OS(=O)(=O)C(F)(F)C(F)(F)C(F)(F)C(F)(F)F.[F-]|C=CC(CCCCCCC)OS(=O)(=O)C(F)(F)C(F)(F)C(F)(F)C(F)(F)F.[F-]>>C=CC(F)CCCCCCC,16
OC/C=C(/CC/C=C(\C)/CCC=C(C)C)\C.C1CCC2=NCCCN2CC1>>CC(C)=CCC/C(C)=C/CC/C(C)=C/C[O-].C1CCC2=[NH+]CCCN2CC1|CC(C)=CCC/C(C)=C/CC/C(C)=C/C[O-].c1cc(ccc1S(=O)(=O)F)Cl>>CC(C)=CCC/C(C)=C/CC/C(C)=C/COS(=O)(=O)c1ccc(Cl)cc1.[F-]|CC(C)=CCC/C(C)=C/CC/C(C)=C/COS(=O)(=O)c1ccc(Cl)cc1.[F-]>>CC(C)=CCC/C(C)=C/CC/C(C)=C/CF,6
C=CC(CCCCCCC)O.CN1CCCN2CCCN=C12>>C=CC([O-])CCCCCCC.CN1CCCN2CCC[NH+]=C12|C=CC([O-])CCCCCCC.C(C(C(F)(F)S(=O)(=O)F)(F)F)(C(F)(F)F)(F)F>>C=CC(CCCCCCC)OS(=O)(=O)C(F)(F)C(F)(F)C(F)(F)C(F)(F)F.[F-]|C=CC(CCCCCCC)OS(=O)(=O)C(F)(F)C(F)(F)C(F)(F)C(F)(F)F.[F-]>>C=CC(F)CCCCCCC,15
C1C2C[C@H](CC(C1)N2C(=O)OC(C)(C)C)O.CC(C)(C)N=C(N(C)C)N(C)C>>CC(C)(C)OC(=O)N1C2CCC1CC([O-])C2.CN(C)C(=[NH+]C(C)(C)C)N(C)C|CC(C)(C)OC(=O)N1C2CCC1CC([O-])C2.c1ccnc(c1)S(=O)(=O)F>>CC(C)(C)OC(=O)N1C2CCC1CC(OS(=O)(=O)c1ccccn1)C2.[F-]|CC(C)(C)OC(=O)N1C2CCC1CC(OS(=O)(=O)c1ccccn1)C2.[F-]>>CC(C)(C)OC(=O)N1C2CCC1CC(F)C2,20
C(C(C)O)Oc1ccccc1.C1CCC2=NCCCN2CC1>>CC([O-])COc1ccccc1.C1CCC2=[NH+]CCCN2CC1|CC([O-])COc1ccccc1.c1cc(ccc1S(=O)(=O)F)Cl>>CC(COc1ccccc1)OS(=O)(=O)c1ccc(Cl)cc1.[F-]|CC(COc1ccccc1)OS(=O)(=O)c1ccc(Cl)cc1.[F-]>>CC(F)COc1ccccc1,31
c1(CCC(C)(O)C)ccccc1.CN1CCCN2CCCN=C12>>CC(C)([O-])CCc1ccccc1.CN1CCCN2CCC[NH+]=C12|CC(C)([O-])CCc1ccccc1.c1cc(ccc1C(F)(F)F)S(=O)(=O)F>>CC(C)(CCc1ccccc1)OS(=O)(=O)c1ccc(C(F)(F)F)cc1.[F-]|CC(C)(CCc1ccccc1)OS(=O)(=O)c1ccc(C(F)(F)F)cc1.[F-]>>CC(C)(F)CCc1ccccc1,4
OC/C=C(/CC/C=C(\C)/CCC=C(C)C)\C.CC(C)(C)N=C(N(C)C)N(C)C>>CC(C)=CCC/C(C)=C/CC/C(C)=C/C[O-].CN(C)C(=[NH+]C(C)(C)C)N(C)C|CC(C)=CCC/C(C)=C/CC/C(C)=C/C[O-].C(C(C(F)(F)S(=O)(=O)F)(F)F)(C(F)(F)F)(F)F>>CC(C)=CCC/C(C)=C/CC/C(C)=C/COS(=O)(=O)C(F)(F)C(F)(F)C(F)(F)C(F)(F)F.[F-]|CC(C)=CCC/C(C)=C/CC/C(C)=C/COS(=O)(=O)C(F)(F)C(F)(F)C(F)(F)C(F)(F)F.[F-]>>CC(C)=CCC/C(C)=C/CC/C(C)=C/CF,25
c1ccc2c(c1)C(=O)N(C2=O)C1CC[C@@H](CC1)O.C1CCC2=NCCCN2CC1>>O=C1c2ccccc2C(=O)N1C1CCC([O-])CC1.C1CCC2=[NH+]CCCN2CC1|O=C1c2ccccc2C(=O)N1C1CCC([O-])CC1.c1ccnc(c1)S(=O)(=O)F>>O=C1c2ccccc2C(=O)N1C1CCC(OS(=O)(=O)c2ccccn2)CC1.[F-]|O=C1c2ccccc2C(=O)N1C1CCC(OS(=O)(=O)c2ccccn2)CC1.[F-]>>O=C1c2ccccc2C(=O)N1C1CCC(F)CC1,6
C1CCN(C(C1)CO)CCCc1ccccc1.CC(C)(C)N=P(N1CCCC1)(N2CCCC2)N3CCCC3>>[O-]CC1CCCCN1CCCc1ccccc1.CC(C)(C)[NH+]=P(N1CCCC1)(N1CCCC1)N1CCCC1|[O-]CC1CCCCN1CCCc1ccccc1.c1ccnc(c1)S(=O)(=O)F>>O=S(=O)(OCC1CCCCN1CCCc1ccccc1)c1ccccn1.[F-]|O=S(=O)(OCC1CCCCN1CCCc1ccccc1)c1ccccn1.[F-]>>FCC1CCCCN1CCCc1ccccc1,16
OC/C=C(/CC/C=C(\C)/CCC=C(C)C)\C.CN1CCCN2CCCN=C12>>CC(C)=CCC/C(C)=C/CC/C(C)=C/C[O-].CN1CCCN2CCC[NH+]=C12|CC(C)=CCC/C(C)=C/CC/C(C)=C/C[O-].c1cc(ccc1[N+](=O)[O-])S(=O)(=O)F>>CC(C)=CCC/C(C)=C/CC/C(C)=C/COS(=O)(=O)c1ccc([N+](=O)[O-])cc1.[F-]|CC(C)=CCC/C(C)=C/CC/C(C)=C/COS(=O)(=O)c1ccc([N+](=O)[O-])cc1.[F-]>>CC(C)=CCC/C(C)=C/CC/C(C)=C/CF,22
C1C2C[C@H](CC(C1)N2C(=O)OC(C)(C)C)O.CN1CCCN2CCCN=C12>>CC(C)(C)OC(=O)N1C2CCC1CC([O-])C2.CN1CCCN2CCC[NH+]=C12|CC(C)(C)OC(=O)N1C2CCC1CC([O-])C2.c1ccnc(c1)S(=O)(=O)F>>CC(C)(C)OC(=O)N1C2CCC1CC(OS(=O)(=O)c1ccccn1)C2.[F-]|CC(C)(C)OC(=O)N1C2CCC1CC(OS(=O)(=O)c1ccccn1)C2.[F-]>>CC(C)(C)OC(=O)N1C2CCC1CC(F)C2,26
C=CC(CCC=C(C)C)(O)C.CC(C)(C)N=C(N(C)C)N(C)C>>C=CC(C)([O-])CCC=C(C)C.CN(C)C(=[NH+]C(C)(C)C)N(C)C|C=CC(C)([O-])CCC=C(C)C.C(C(C(F)(F)S(=O)(=O)F)(F)F)(C(F)(F)F)(F)F>>C=CC(C)(CCC=C(C)C)OS(=O)(=O)C(F)(F)C(F)(F)C(F)(F)C(F)(F)F.[F-]|C=CC(C)(CCC=C(C)C)OS(=O)(=O)C(F)(F)C(F)(F)C(F)(F)C(F)(F)F.[F-]>>C=CC(C)(F)CCC=C(C)C,7
c1ccc2c(c1)CC(C2)O.C1CCC2=NCCCN2CC1>>[O-]C1Cc2ccccc2C1.C1CCC2=[NH+]CCCN2CC1|[O-]C1Cc2ccccc2C1.c1cc(ccc1S(=O)(=O)F)Cl>>O=S(=O)(OC1Cc2ccccc2C1)c1ccc(Cl)cc1.[F-]|O=S(=O)(OC1Cc2ccccc2C1)c1ccc(Cl)cc1.[F-]>>FC1Cc2ccccc2C1,32
c1ccc2c(c1)CC(C2)O.C1CCC2=NCCCN2CC1>>[O-]C1Cc2ccccc2C1.C1CCC2=[NH+]CCCN2CC1|[O-]C1Cc2ccccc2C1.c1ccnc(c1)S(=O)(=O)F>>O=S(=O)(OC1Cc2ccccc2C1)c1ccccn1.[F-]|O=S(=O)(OC1Cc2ccccc2C1)c1ccccn1.[F-]>>FC1Cc2ccccc2C1,46
N([C@@H](CO)C(=O)OC)C(c1ccccc1)(c1ccccc1)c1ccccc1.CC(C)(C)N=P(N1CCCC1)(N2CCCC2)N3CCCC3>>COC(=O)[C@H](C[O-])NC(c1ccccc1)(c1ccccc1)c1ccccc1.CC(C)(C)[NH+]=P(N1CCCC1)(N1CCCC1)N1CCCC1|COC(=O)[C@H](C[O-])NC(c1ccccc1)(c1ccccc1)c1ccccc1.c1ccnc(c1)S(=O)(=O)F>>COC(=O)[C@H](COS(=O)(=O)c1ccccn1)NC(c1ccccc1)(c1ccccc1)c1ccccc1.[F-]|COC(=O)[C@H](COS(=O)(=O)c1ccccn1)NC(c1ccccc1)(c1ccccc1)c1ccccc1.[F-]>>COC(=O)[C@H](CF)NC(c1ccccc1)(c1ccccc1)c1ccccc1,5
C1(C(C(C(O1)n1c2c(nc1)c(ncn2)N(Cc1ccccc1)Cc1ccccc1)OCc1ccccc1)OCc1ccccc1)CO.C1CCC2=NCCCN2CC1>>[O-]CC1OC(n2cnc3c(N(Cc4ccccc4)Cc4ccccc4)ncnc32)C(OCc2ccccc2)C1OCc1ccccc1.C1CCC2=[NH+]CCCN2CC1|[O-]CC1OC(n2cnc3c(N(Cc4ccccc4)Cc4ccccc4)ncnc32)C(OCc2ccccc2)C1OCc1ccccc1.c1cc(ccc1S(=O)(=O)F)Cl>>O=S(=O)(OCC1OC(n2cnc3c(N(Cc4ccccc4)Cc4ccccc4)ncnc32)C(OCc2ccccc2)C1OCc1ccccc1)c1ccc(Cl)cc1.[F-]|O=S(=O)(OCC1OC(n2cnc3c(N(Cc4ccccc4)Cc4ccccc4)ncnc32)C(OCc2ccccc2)C1OCc1ccccc1)c1ccc(Cl)cc1.[F-]>>FCC1OC(n2cnc3c(N(Cc4ccccc4)Cc4ccccc4)ncnc32)C(OCc2ccccc2)C1OCc1ccccc1,6
C=CC(CCCCCCC)O.CC(C)(C)N=P(N1CCCC1)(N2CCCC2)N3CCCC3>>C=CC([O-])CCCCCCC.CC(C)(C)[NH+]=P(N1CCCC1)(N1CCCC1)N1CCCC1|C=CC([O-])CCCCCCC.c1cc(ccc1S(=O)(=O)F)Cl>>C=CC(CCCCCCC)OS(=O)(=O)c1ccc(Cl)cc1.[F-]|C=CC(CCCCCCC)OS(=O)(=O)c1ccc(Cl)cc1.[F-]>>C=CC(F)CCCCCCC,28
c1ccc2c(c1)C(=O)N(C2=O)C1CC[C@H](CC1)O.CN1CCCN2CCCN=C12>>O=C1c2ccccc2C(=O)N1C1CCC([O-])CC1.CN1CCCN2CCC[NH+]=C12|O=C1c2ccccc2C(=O)N1C1CCC([O-])CC1.c1cc(ccc1C(F)(F)F)S(=O)(=O)F>>O=C1c2ccccc2C(=O)N1C1CCC(OS(=O)(=O)c2ccc(C(F)(F)F)cc2)CC1.[F-]|O=C1c2ccccc2C(=O)N1C1CCC(OS(=O)(=O)c2ccc(C(F)(F)F)cc2)CC1.[F-]>>O=C1c2ccccc2C(=O)N1C1CCC(F)CC1,6
C1CCN(C(C1)CO)CCCc1ccccc1.CN1CCCN2CCCN=C12>>[O-]CC1CCCCN1CCCc1ccccc1.CN1CCCN2CCC[NH+]=C12|[O-]CC1CCCCN1CCCc1ccccc1.c1cc(ccc1[N+](=O)[O-])S(=O)(=O)F>>O=[N+]([O-])c1ccc(S(=O)(=O)OCC2CCCCN2CCCc2ccccc2)cc1.[F-]|O=[N+]([O-])c1ccc(S(=O)(=O)OCC2CCCCN2CCCc2ccccc2)cc1.[F-]>>FCC1CCCCN1CCCc1ccccc1,20
C=CC(CCC=C(C)C)(O)C.C1CCC2=NCCCN2CC1>>C=CC(C)([O-])CCC=C(C)C.C1CCC2=[NH+]CCCN2CC1|C=CC(C)([O-])CCC=C(C)C.C(C(C(F)(F)S(=O)(=O)F)(F)F)(C(F)(F)F)(F)F>>C=CC(C)(CCC=C(C)C)OS(=O)(=O)C(F)(F)C(F)(F)C(F)(F)C(F)(F)F.[F-]|C=CC(C)(CCC=C(C)C)OS(=O)(=O)C(F)(F)C(F)(F)C(F)(F)C(F)(F)F.[F-]>>C=CC(C)(F)CCC=C(C)C,6
C1[C@@H](C[C@@H]1O)OCc1ccccc1.CC(C)(C)N=C(N(C)C)N(C)C>>[O-][C@H]1C[C@@H](OCc2ccccc2)C1.CN(C)C(=[NH+]C(C)(C)C)N(C)C|[O-][C@H]1C[C@@H](OCc2ccccc2)C1.c1cc(ccc1C(F)(F)F)S(=O)(=O)F>>O=S(=O)(O[C@H]1C[C@@H](OCc2ccccc2)C1)c1ccc(C(F)(F)F)cc1.[F-]|O=S(=O)(O[C@H]1C[C@@H](OCc2ccccc2)C1)c1ccc(C(F)(F)F)cc1.[F-]>>F[C@H]1C[C@H](OCc2ccccc2)C1,5
C1N([C@@H](C[C@@H]1O)C(=O)OC)C(=O)OC(C)(C)C.CC(C)(C)N=C(N(C)C)N(C)C>>COC(=O)[C@@H]1C[C@H]([O-])CN1C(=O)OC(C)(C)C.CN(C)C(=[NH+]C(C)(C)C)N(C)C|COC(=O)[C@@H]1C[C@H]([O-])CN1C(=O)OC(C)(C)C.c1cc(ccc1C(F)(F)F)S(=O)(=O)F>>COC(=O)[C@@H]1C[C@H](OS(=O)(=O)c2ccc(C(F)(F)F)cc2)CN1C(=O)OC(C)(C)C.[F-]|COC(=O)[C@@H]1C[C@H](OS(=O)(=O)c2ccc(C(F)(F)F)cc2)CN1C(=O)OC(C)(C)C.[F-]>>COC(=O)[C@@H]1C[C@@H](F)CN1C(=O)OC(C)(C)C,39
c1ccc2c(c1)CC(C2)O.CC(C)(C)N=P(N1CCCC1)(N2CCCC2)N3CCCC3>>[O-]C1Cc2ccccc2C1.CC(C)(C)[NH+]=P(N1CCCC1)(N1CCCC1)N1CCCC1|[O-]C1Cc2ccccc2C1.c1cc(ccc1S(=O)(=O)F)Cl>>O=S(=O)(OC1Cc2ccccc2C1)c1ccc(Cl)cc1.[F-]|O=S(=O)(OC1Cc2ccccc2C1)c1ccc(Cl)cc1.[F-]>>FC1Cc2ccccc2C1,16
c1c(ccc(c1)CO)S(=O)(=O)N(CCC)CCC.C1CCC2=NCCCN2CC1>>CCCN(CCC)S(=O)(=O)c1ccc(C[O-])cc1.C1CCC2=[NH+]CCCN2CC1|CCCN(CCC)S(=O)(=O)c1ccc(C[O-])cc1.c1cc(ccc1S(=O)(=O)F)Cl>>CCCN(CCC)S(=O)(=O)c1ccc(COS(=O)(=O)c2ccc(Cl)cc2)cc1.[F-]|CCCN(CCC)S(=O)(=O)c1ccc(COS(=O)(=O)c2ccc(Cl)cc2)cc1.[F-]>>CCCN(CCC)S(=O)(=O)c1ccc(CF)cc1,18
c1(CCC(C)(O)C)ccccc1.CC(C)(C)N=P(N1CCCC1)(N2CCCC2)N3CCCC3>>CC(C)([O-])CCc1ccccc1.CC(C)(C)[NH+]=P(N1CCCC1)(N1CCCC1)N1CCCC1|CC(C)([O-])CCc1ccccc1.C(C(C(F)(F)S(=O)(=O)F)(F)F)(C(F)(F)F)(F)F>>CC(C)(CCc1ccccc1)OS(=O)(=O)C(F)(F)C(F)(F)C(F)(F)C(F)(F)F.[F-]|CC(C)(CCc1ccccc1)OS(=O)(=O)C(F)(F)C(F)(F)C(F)(F)C(F)(F)F.[F-]>>CC(C)(F)CCc1ccccc1,22
c12c(c3c(/C/1=C\c1ccc(cc1)Cl)cc(cc3C(O)CN(CCCC)CCCC)Cl)ccc(c2)Cl.C1CCC2=NCCCN2CC1>>CCCCN(CCCC)CC([O-])c1cc(Cl)cc2c1-c1ccc(Cl)cc1/C2=C/c1ccc(Cl)cc1.C1CCC2=[NH+]CCCN2CC1|CCCCN(CCCC)CC([O-])c1cc(Cl)cc2c1-c1ccc(Cl)cc1/C2=C/c1ccc(Cl)cc1.c1cc(ccc1S(=O)(=O)F)Cl>>CCCCN(CCCC)CC(OS(=O)(=O)c1ccc(Cl)cc1)c1cc(Cl)cc2c1-c1ccc(Cl)cc1/C2=C/c1ccc(Cl)cc1.[F-]|CCCCN(CCCC)CC(OS(=O)(=O)c1ccc(Cl)cc1)c1cc(Cl)cc2c1-c1ccc(Cl)cc1/C2=C/c1ccc(Cl)cc1.[F-]>>CCCCN(CCCC)CC(F)c1cc(Cl)cc2c1-c1ccc(Cl)cc1/C2=C/c1ccc(Cl)cc1,39
c12c(n(c(=O)n(c1=O)CCCCC(O)C)C)ncn2C.CN1CCCN2CCCN=C12>>CC([O-])CCCCn1c(=O)c2c(ncn2C)n(C)c1=O.CN1CCCN2CCC[NH+]=C12|CC([O-])CCCCn1c(=O)c2c(ncn2C)n(C)c1=O.C(C(C(F)(F)S(=O)(=O)F)(F)F)(C(F)(F)F)(F)F>>CC(CCCCn1c(=O)c2c(ncn2C)n(C)c1=O)OS(=O)(=O)C(F)(F)C(F)(F)C(F)(F)C(F)(F)F.[F-]|CC(CCCCn1c(=O)c2c(ncn2C)n(C)c1=O)OS(=O)(=O)C(F)(F)C(F)(F)C(F)(F)C(F)(F)F.[F-]>>CC(F)CCCCn1c(=O)c2c(ncn2C)n(C)c1=O,53
c1(CCC(C)(O)C)ccccc1.CN1CCCN2CCCN=C12>>CC(C)([O-])CCc1ccccc1.CN1CCCN2CCC[NH+]=C12|CC(C)([O-])CCc1ccccc1.c1ccnc(c1)S(=O)(=O)F>>CC(C)(CCc1ccccc1)OS(=O)(=O)c1ccccn1.[F-]|CC(C)(CCc1ccccc1)OS(=O)(=O)c1ccccn1.[F-]>>CC(C)(F)CCc1ccccc1,5
C1CCN(C(C1)CO)CCCc1ccccc1.CN1CCCN2CCCN=C12>>[O-]CC1CCCCN1CCCc1ccccc1.CN1CCCN2CCC[NH+]=C12|[O-]CC1CCCCN1CCCc1ccccc1.c1ccnc(c1)S(=O)(=O)F>>O=S(=O)(OCC1CCCCN1CCCc1ccccc1)c1ccccn1.[F-]|O=S(=O)(OCC1CCCCN1CCCc1ccccc1)c1ccccn1.[F-]>>FCC1CCCCN1CCCc1ccccc1,18
c1(CCC(C)O)ccccc1.CC(C)(C)N=P(N1CCCC1)(N2CCCC2)N3CCCC3>>CC([O-])CCc1ccccc1.CC(C)(C)[NH+]=P(N1CCCC1)(N1CCCC1)N1CCCC1|CC([O-])CCc1ccccc1.c1ccnc(c1)S(=O)(=O)F>>CC(CCc1ccccc1)OS(=O)(=O)c1ccccn1.[F-]|CC(CCc1ccccc1)OS(=O)(=O)c1ccccn1.[F-]>>CC(F)CCc1ccccc1,53
N([C@@H](CO)C(=O)OC)C(c1ccccc1)(c1ccccc1)c1ccccc1.CC(C)(C)N=C(N(C)C)N(C)C>>COC(=O)[C@H](C[O-])NC(c1ccccc1)(c1ccccc1)c1ccccc1.CN(C)C(=[NH+]C(C)(C)C)N(C)C|COC(=O)[C@H](C[O-])NC(c1ccccc1)(c1ccccc1)c1ccccc1.c1cc(ccc1S(=O)(=O)F)Cl>>COC(=O)[C@H](COS(=O)(=O)c1ccc(Cl)cc1)NC(c1ccccc1)(c1ccccc1)c1ccccc1.[F-]|COC(=O)[C@H](COS(=O)(=O)c1ccc(Cl)cc1)NC(c1ccccc1)(c1ccccc1)c1ccccc1.[F-]>>COC(=O)[C@H](CF)NC(c1ccccc1)(c1ccccc1)c1ccccc1,5
OC/C=C(/CC/C=C(\C)/CCC=C(C)C)\C.CC(C)(C)N=P(N1CCCC1)(N2CCCC2)N3CCCC3>>CC(C)=CCC/C(C)=C/CC/C(C)=C/C[O-].CC(C)(C)[NH+]=P(N1CCCC1)(N1CCCC1)N1CCCC1|CC(C)=CCC/C(C)=C/CC/C(C)=C/C[O-].c1ccnc(c1)S(=O)(=O)F>>CC(C)=CCC/C(C)=C/CC/C(C)=C/COS(=O)(=O)c1ccccn1.[F-]|CC(C)=CCC/C(C)=C/CC/C(C)=C/COS(=O)(=O)c1ccccn1.[F-]>>CC(C)=CCC/C(C)=C/CC/C(C)=C/CF,36
c12c(c3c(/C/1=C\c1ccc(cc1)Cl)cc(cc3C(O)CN(CCCC)CCCC)Cl)ccc(c2)Cl.C1CCC2=NCCCN2CC1>>CCCCN(CCCC)CC([O-])c1cc(Cl)cc2c1-c1ccc(Cl)cc1/C2=C/c1ccc(Cl)cc1.C1CCC2=[NH+]CCCN2CC1|CCCCN(CCCC)CC([O-])c1cc(Cl)cc2c1-c1ccc(Cl)cc1/C2=C/c1ccc(Cl)cc1.c1cc(ccc1[N+](=O)[O-])S(=O)(=O)F>>CCCCN(CCCC)CC(OS(=O)(=O)c1ccc([N+](=O)[O-])cc1)c1cc(Cl)cc2c1-c1ccc(Cl)cc1/C2=C/c1ccc(Cl)cc1.[F-]|CCCCN(CCCC)CC(OS(=O)(=O)c1ccc([N+](=O)[O-])cc1)c1cc(Cl)cc2c1-c1ccc(Cl)cc1/C2=C/c1ccc(Cl)cc1.[F-]>>CCCCN(CCCC)CC(F)c1cc(Cl)cc2c1-c1ccc(Cl)cc1/C2=C/c1ccc(Cl)cc1,49
c1cc(ccc1c1onc(c1)CO)F.C1CCC2=NCCCN2CC1>>[O-]Cc1cc(-c2ccc(F)cc2)on1.C1CCC2=[NH+]CCCN2CC1|[O-]Cc1cc(-c2ccc(F)cc2)on1.c1cc(ccc1C(F)(F)F)S(=O)(=O)F>>O=S(=O)(OCc1cc(-c2ccc(F)cc2)on1)c1ccc(C(F)(F)F)cc1.[F-]|O=S(=O)(OCc1cc(-c2ccc(F)cc2)on1)c1ccc(C(F)(F)F)cc1.[F-]>>FCc1cc(-c2ccc(F)cc2)on1,16
c1(CCC(C)O)ccccc1.C1CCC2=NCCCN2CC1>>CC([O-])CCc1ccccc1.C1CCC2=[NH+]CCCN2CC1|CC([O-])CCc1ccccc1.c1cc(ccc1S(=O)(=O)F)Cl>>CC(CCc1ccccc1)OS(=O)(=O)c1ccc(Cl)cc1.[F-]|CC(CCc1ccccc1)OS(=O)(=O)c1ccc(Cl)cc1.[F-]>>CC(F)CCc1ccccc1,40
c1(c(cc(c(c1)C(C)O)[N+](=O)[O-])OCCCC(=O)OC)OC.CC(C)(C)N=P(N1CCCC1)(N2CCCC2)N3CCCC3>>COC(=O)CCCOc1cc([N+](=O)[O-])c(C(C)[O-])cc1OC.CC(C)(C)[NH+]=P(N1CCCC1)(N1CCCC1)N1CCCC1|COC(=O)CCCOc1cc([N+](=O)[O-])c(C(C)[O-])cc1OC.c1ccnc(c1)S(=O)(=O)F>>COC(=O)CCCOc1cc([N+](=O)[O-])c(C(C)OS(=O)(=O)c2ccccn2)cc1OC.[F-]|COC(=O)CCCOc1cc([N+](=O)[O-])c(C(C)OS(=O)(=O)c2ccccn2)cc1OC.[F-]>>COC(=O)CCCOc1cc([N+](=O)[O-])c(C(C)F)cc1OC,24
C1N(CCC1)[C@H]([C@@H](c1ccccc1)O)C.C1CCC2=NCCCN2CC1>>C[C@@H]([C@H]([O-])c1ccccc1)N1CCCC1.C1CCC2=[NH+]CCCN2CC1|C[C@@H]([C@H]([O-])c1ccccc1)N1CCCC1.c1cc(ccc1[N+](=O)[O-])S(=O)(=O)F>>C[C@@H]([C@H](OS(=O)(=O)c1ccc([N+](=O)[O-])cc1)c1ccccc1)N1CCCC1.[F-]|C[C@@H]([C@H](OS(=O)(=O)c1ccc([N+](=O)[O-])cc1)c1ccccc1)N1CCCC1.[F-]>>C[C@@H]([C@@H](F)c1ccccc1)N1CCCC1,34
c12c(c3c(/C/1=C\c1ccc(cc1)Cl)cc(cc3C(O)CN(CCCC)CCCC)Cl)ccc(c2)Cl.CC(C)(C)N=C(N(C)C)N(C)C>>CCCCN(CCCC)CC([O-])c1cc(Cl)cc2c1-c1ccc(Cl)cc1/C2=C/c1ccc(Cl)cc1.CN(C)C(=[NH+]C(C)(C)C)N(C)C|CCCCN(CCCC)CC([O-])c1cc(Cl)cc2c1-c1ccc(Cl)cc1/C2=C/c1ccc(Cl)cc1.c1cc(ccc1C(F)(F)F)S(=O)(=O)F>>CCCCN(CCCC)CC(OS(=O)(=O)c1ccc(C(F)(F)F)cc1)c1cc(Cl)cc2c1-c1ccc(Cl)cc1/C2=C/c1ccc(Cl)cc1.[F-]|CCCCN(CCCC)CC(OS(=O)(=O)c1ccc(C(F)(F)F)cc1)c1cc(Cl)cc2c1-c1ccc(Cl)cc1/C2=C/c1ccc(Cl)cc1.[F-]>>CCCCN(CCCC)CC(F)c1cc(Cl)cc2c1-c1ccc(Cl)cc1/C2=C/c1ccc(Cl)cc1,78
C1[C@H]([C@H]2[C@@]34C(C1)[C@H]([C@H](O[C@@H]3O[C@@](CC2)(OO4)C)O)C)C.C1CCC2=NCCCN2CC1>>C[C@@H]1CCC2[C@@H](C)[C@@H]([O-])O[C@@H]3O[C@@]4(C)CC[C@@H]1[C@@]23OO4.C1CCC2=[NH+]CCCN2CC1|C[C@@H]1CCC2[C@@H](C)[C@@H]([O-])O[C@@H]3O[C@@]4(C)CC[C@@H]1[C@@]23OO4.c1cc(ccc1C(F)(F)F)S(=O)(=O)F>>C[C@@H]1CCC2[C@@H](C)[C@@H](OS(=O)(=O)c3ccc(C(F)(F)F)cc3)O[C@@H]3O[C@@]4(C)CC[C@@H]1[C@@]23OO4.[F-]|C[C@@H]1CCC2[C@@H](C)[C@@H](OS(=O)(=O)c3ccc(C(F)(F)F)cc3)O[C@@H]3O[C@@]4(C)CC[C@@H]1[C@@]23OO4.[F-]>>C[C@@H]1CCC2[C@@H](C)[C@H](F)O[C@@H]3O[C@@]4(C)CC[C@@H]1[C@@]23OO4,32
C1N(CCC1)[C@H]([C@@H](c1ccccc1)O)C.C1CCC2=NCCCN2CC1>>C[C@@H]([C@H]([O-])c1ccccc1)N1CCCC1.C1CCC2=[NH+]CCCN2CC1|C[C@@H]([C@H]([O-])c1ccccc1)N1CCCC1.c1cc(ccc1C(F)(F)F)S(=O)(=O)F>>C[C@@H]([C@H](OS(=O)(=O)c1ccc(C(F)(F)F)cc1)c1ccccc1)N1CCCC1.[F-]|C[C@@H]([C@H](OS(=O)(=O)c1ccc(C(F)(F)F)cc1)c1ccccc1)N1CCCC1.[F-]>>C[C@@H]([C@@H](F)c1ccccc1)N1CCCC1,19
O1C[C@@H]([C@@H]2[C@H]1[C@@H](CO2)O)OC(=O)C.CC(C)(C)N=C(N(C)C)N(C)C>>CC(=O)O[C@H]1CO[C@H]2[C@@H]1OC[C@H]2[O-].CN(C)C(=[NH+]C(C)(C)C)N(C)C|CC(=O)O[C@H]1CO[C@H]2[C@@H]1OC[C@H]2[O-].c1cc(ccc1C(F)(F)F)S(=O)(=O)F>>CC(=O)O[C@H]1CO[C@H]2[C@@H]1OC[C@H]2OS(=O)(=O)c1ccc(C(F)(F)F)cc1.[F-]|CC(=O)O[C@H]1CO[C@H]2[C@@H]1OC[C@H]2OS(=O)(=O)c1ccc(C(F)(F)F)cc1.[F-]>>CC(=O)O[C@H]1CO[C@H]2[C@@H]1OC[C@@H]2F,6
C(C(C)O)Oc1ccccc1.CC(C)(C)N=C(N(C)C)N(C)C>>CC([O-])COc1ccccc1.CN(C)C(=[NH+]C(C)(C)C)N(C)C|CC([O-])COc1ccccc1.c1ccnc(c1)S(=O)(=O)F>>CC(COc1ccccc1)OS(=O)(=O)c1ccccn1.[F-]|CC(COc1ccccc1)OS(=O)(=O)c1ccccn1.[F-]>>CC(F)COc1ccccc1,23
C1=C[C@]2(C(=CC1=O)CC[C@@H]1[C@@H]2C(=O)C[C@]2([C@H]1CC[C@@]2(C(=O)CO)O)C)C.CC(C)(C)N=P(N1CCCC1)(N2CCCC2)N3CCCC3>>C[C@]12C=CC(=O)C=C1CC[C@@H]1[C@@H]2C(=O)C[C@@]2(C)[C@H]1CC[C@]2(O)C(=O)C[O-].CC(C)(C)[NH+]=P(N1CCCC1)(N1CCCC1)N1CCCC1|C[C@]12C=CC(=O)C=C1CC[C@@H]1[C@@H]2C(=O)C[C@@]2(C)[C@H]1CC[C@]2(O)C(=O)C[O-].c1cc(ccc1S(=O)(=O)F)Cl>>C[C@]12C=CC(=O)C=C1CC[C@@H]1[C@@H]2C(=O)C[C@@]2(C)[C@H]1CC[C@]2(OS(=O)(=O)c1ccc(Cl)cc1)C(=O)CO.[F-]|C[C@]12C=CC(=O)C=C1CC[C@@H]1[C@@H]2C(=O)C[C@@]2(C)[C@H]1CC[C@]2(OS(=O)(=O)c1ccc(Cl)cc1)C(=O)CO.[F-]>>C[C@]12C=CC(=O)C=C1CC[C@@H]1[C@@H]2C(=O)C[C@@]2(C)[C@H]1CC[C@]2(F)C(=O)CO,35
c1(CCC(C)(O)C)ccccc1.CC(C)(C)N=C(N(C)C)N(C)C>>CC(C)([O-])CCc1ccccc1.CN(C)C(=[NH+]C(C)(C)C)N(C)C|CC(C)([O-])CCc1ccccc1.C(C(C(F)(F)S(=O)(=O)F)(F)F)(C(F)(F)F)(F)F>>CC(C)(CCc1ccccc1)OS(=O)(=O)C(F)(F)C(F)(F)C(F)(F)C(F)(F)F.[F-]|CC(C)(CCc1ccccc1)OS(=O)(=O)C(F)(F)C(F)(F)C(F)(F)C(F)(F)F.[F-]>>CC(C)(F)CCc1ccccc1,17
C1N(CCC1)[C@H]([C@@H](c1ccccc1)O)C.C1CCC2=NCCCN2CC1>>C[C@@H]([C@H]([O-])c1ccccc1)N1CCCC1.C1CCC2=[NH+]CCCN2CC1|C[C@@H]([C@H]([O-])c1ccccc1)N1CCCC1.c1cc(ccc1S(=O)(=O)F)Cl>>C[C@@H]([C@H](OS(=O)(=O)c1ccc(Cl)cc1)c1ccccc1)N1CCCC1.[F-]|C[C@@H]([C@H](OS(=O)(=O)c1ccc(Cl)cc1)c1ccccc1)N1CCCC1.[F-]>>C[C@@H]([C@@H](F)c1ccccc1)N1CCCC1,23
c1ccc2c(c1)CC(C2)O.CC(C)(C)N=P(N1CCCC1)(N2CCCC2)N3CCCC3>>[O-]C1Cc2ccccc2C1.CC(C)(C)[NH+]=P(N1CCCC1)(N1CCCC1)N1CCCC1|[O-]C1Cc2ccccc2C1.c1ccnc(c1)S(=O)(=O)F>>O=S(=O)(OC1Cc2ccccc2C1)c1ccccn1.[F-]|O=S(=O)(OC1Cc2ccccc2C1)c1ccccn1.[F-]>>FC1Cc2ccccc2C1,20
OC/C=C(/CC/C=C(\C)/CCC=C(C)C)\C.CN1CCCN2CCCN=C12>>CC(C)=CCC/C(C)=C/CC/C(C)=C/C[O-].CN1CCCN2CCC[NH+]=C12|CC(C)=CCC/C(C)=C/CC/C(C)=C/C[O-].c1cc(ccc1C(F)(F)F)S(=O)(=O)F>>CC(C)=CCC/C(C)=C/CC/C(C)=C/COS(=O)(=O)c1ccc(C(F)(F)F)cc1.[F-]|CC(C)=CCC/C(C)=C/CC/C(C)=C/COS(=O)(=O)c1ccc(C(F)(F)F)cc1.[F-]>>CC(C)=CCC/C(C)=C/CC/C(C)=C/CF,23
C1[C@H]([C@H]2[C@@]34C(C1)[C@H]([C@H](O[C@@H]3O[C@@](CC2)(OO4)C)O)C)C.CC(C)(C)N=P(N1CCCC1)(N2CCCC2)N3CCCC3>>C[C@@H]1CCC2[C@@H](C)[C@@H]([O-])O[C@@H]3O[C@@]4(C)CC[C@@H]1[C@@]23OO4.CC(C)(C)[NH+]=P(N1CCCC1)(N1CCCC1)N1CCCC1|C[C@@H]1CCC2[C@@H](C)[C@@H]([O-])O[C@@H]3O[C@@]4(C)CC[C@@H]1[C@@]23OO4.c1ccnc(c1)S(=O)(=O)F>>C[C@@H]1CCC2[C@@H](C)[C@@H](OS(=O)(=O)c3ccccn3)O[C@@H]3O[C@@]4(C)CC[C@@H]1[C@@]23OO4.[F-]|C[C@@H]1CCC2[C@@H](C)[C@@H](OS(=O)(=O)c3ccccn3)O[C@@H]3O[C@@]4(C)CC[C@@H]1[C@@]23OO4.[F-]>>C[C@@H]1CCC2[C@@H](C)[C@H](F)O[C@@H]3O[C@@]4(C)CC[C@@H]1[C@@]23OO4,23
C1CCN(C(C1)CO)CCCc1ccccc1.CC(C)(C)N=C(N(C)C)N(C)C>>[O-]CC1CCCCN1CCCc1ccccc1.CN(C)C(=[NH+]C(C)(C)C)N(C)C|[O-]CC1CCCCN1CCCc1ccccc1.c1ccnc(c1)S(=O)(=O)F>>O=S(=O)(OCC1CCCCN1CCCc1ccccc1)c1ccccn1.[F-]|O=S(=O)(OCC1CCCCN1CCCc1ccccc1)c1ccccn1.[F-]>>FCC1CCCCN1CCCc1ccccc1,17
c1cc(ccc1c1onc(c1)CO)F.C1CCC2=NCCCN2CC1>>[O-]Cc1cc(-c2ccc(F)cc2)on1.C1CCC2=[NH+]CCCN2CC1|[O-]Cc1cc(-c2ccc(F)cc2)on1.c1cc(ccc1[N+](=O)[O-])S(=O)(=O)F>>O=[N+]([O-])c1ccc(S(=O)(=O)OCc2cc(-c3ccc(F)cc3)on2)cc1.[F-]|O=[N+]([O-])c1ccc(S(=O)(=O)OCc2cc(-c3ccc(F)cc3)on2)cc1.[F-]>>FCc1cc(-c2ccc(F)cc2)on1,20
c1(CCC(C)(O)C)ccccc1.C1CCC2=NCCCN2CC1>>CC(C)([O-])CCc1ccccc1.C1CCC2=[NH+]CCCN2CC1|CC(C)([O-])CCc1ccccc1.c1ccnc(c1)S(=O)(=O)F>>CC(C)(CCc1ccccc1)OS(=O)(=O)c1ccccn1.[F-]|CC(C)(CCc1ccccc1)OS(=O)(=O)c1ccccn1.[F-]>>CC(C)(F)CCc1ccccc1,4
C1(C(C(C(O1)n1c2c(nc1)c(ncn2)N(Cc1ccccc1)Cc1ccccc1)OCc1ccccc1)OCc1ccccc1)CO.CN1CCCN2CCCN=C12>>[O-]CC1OC(n2cnc3c(N(Cc4ccccc4)Cc4ccccc4)ncnc32)C(OCc2ccccc2)C1OCc1ccccc1.CN1CCCN2CCC[NH+]=C12|[O-]CC1OC(n2cnc3c(N(Cc4ccccc4)Cc4ccccc4)ncnc32)C(OCc2ccccc2)C1OCc1ccccc1.c1cc(ccc1S(=O)(=O)F)Cl>>O=S(=O)(OCC1OC(n2cnc3c(N(Cc4ccccc4)Cc4ccccc4)ncnc32)C(OCc2ccccc2)C1OCc1ccccc1)c1ccc(Cl)cc1.[F-]|O=S(=O)(OCC1OC(n2cnc3c(N(Cc4ccccc4)Cc4ccccc4)ncnc32)C(OCc2ccccc2)C1OCc1ccccc1)c1ccc(Cl)cc1.[F-]>>FCC1OC(n2cnc3c(N(Cc4ccccc4)Cc4ccccc4)ncnc32)C(OCc2ccccc2)C1OCc1ccccc1,17
C=CC(CCCCCCC)O.C1CCC2=NCCCN2CC1>>C=CC([O-])CCCCCCC.C1CCC2=[NH+]CCCN2CC1|C=CC([O-])CCCCCCC.c1cc(ccc1[N+](=O)[O-])S(=O)(=O)F>>C=CC(CCCCCCC)OS(=O)(=O)c1ccc([N+](=O)[O-])cc1.[F-]|C=CC(CCCCCCC)OS(=O)(=O)c1ccc([N+](=O)[O-])cc1.[F-]>>C=CC(F)CCCCCCC,22
c1ccc2c(c1)C(=O)N(C2=O)C1CC[C@@H](CC1)O.CC(C)(C)N=C(N(C)C)N(C)C>>O=C1c2ccccc2C(=O)N1C1CCC([O-])CC1.CN(C)C(=[NH+]C(C)(C)C)N(C)C|O=C1c2ccccc2C(=O)N1C1CCC([O-])CC1.c1ccnc(c1)S(=O)(=O)F>>O=C1c2ccccc2C(=O)N1C1CCC(OS(=O)(=O)c2ccccn2)CC1.[F-]|O=C1c2ccccc2C(=O)N1C1CCC(OS(=O)(=O)c2ccccn2)CC1.[F-]>>O=C1c2ccccc2C(=O)N1C1CCC(F)CC1,4
C1(C(C(C(O1)n1c2c(nc1)c(ncn2)N(Cc1ccccc1)Cc1ccccc1)OCc1ccccc1)OCc1ccccc1)CO.CN1CCCN2CCCN=C12>>[O-]CC1OC(n2cnc3c(N(Cc4ccccc4)Cc4ccccc4)ncnc32)C(OCc2ccccc2)C1OCc1ccccc1.CN1CCCN2CCC[NH+]=C12|[O-]CC1OC(n2cnc3c(N(Cc4ccccc4)Cc4ccccc4)ncnc32)C(OCc2ccccc2)C1OCc1ccccc1.c1ccnc(c1)S(=O)(=O)F>>O=S(=O)(OCC1OC(n2cnc3c(N(Cc4ccccc4)Cc4ccccc4)ncnc32)C(OCc2ccccc2)C1OCc1ccccc1)c1ccccn1.[F-]|O=S(=O)(OCC1OC(n2cnc3c(N(Cc4ccccc4)Cc4ccccc4)ncnc32)C(OCc2ccccc2)C1OCc1ccccc1)c1ccccn1.[F-]>>FCC1OC(n2cnc3c(N(Cc4ccccc4)Cc4ccccc4)ncnc32)C(OCc2ccccc2)C1OCc1ccccc1,26
c1(c(cc(c(c1)C(C)O)[N+](=O)[O-])OCCCC(=O)OC)OC.CN1CCCN2CCCN=C12>>COC(=O)CCCOc1cc([N+](=O)[O-])c(C(C)[O-])cc1OC.CN1CCCN2CCC[NH+]=C12|COC(=O)CCCOc1cc([N+](=O)[O-])c(C(C)[O-])cc1OC.c1cc(ccc1[N+](=O)[O-])S(=O)(=O)F>>COC(=O)CCCOc1cc([N+](=O)[O-])c(C(C)OS(=O)(=O)c2ccc([N+](=O)[O-])cc2)cc1OC.[F-]|COC(=O)CCCOc1cc([N+](=O)[O-])c(C(C)OS(=O)(=O)c2ccc([N+](=O)[O-])cc2)cc1OC.[F-]>>COC(=O)CCCOc1cc([N+](=O)[O-])c(C(C)F)cc1OC,46
N([C@@H](CO)C(=O)OC)C(c1ccccc1)(c1ccccc1)c1ccccc1.C1CCC2=NCCCN2CC1>>COC(=O)[C@H](C[O-])NC(c1ccccc1)(c1ccccc1)c1ccccc1.C1CCC2=[NH+]CCCN2CC1|COC(=O)[C@H](C[O-])NC(c1ccccc1)(c1ccccc1)c1ccccc1.C(C(C(F)(F)S(=O)(=O)F)(F)F)(C(F)(F)F)(F)F>>COC(=O)[C@H](COS(=O)(=O)C(F)(F)C(F)(F)C(F)(F)C(F)(F)F)NC(c1ccccc1)(c1ccccc1)c1ccccc1.[F-]|COC(=O)[C@H](COS(=O)(=O)C(F)(F)C(F)(F)C(F)(F)C(F)(F)F)NC(c1ccccc1)(c1ccccc1)c1ccccc1.[F-]>>COC(=O)[C@H](CF)NC(c1ccccc1)(c1ccccc1)c1ccccc1,3
C=CC(CCCCCCC)O.CC(C)(C)N=P(N1CCCC1)(N2CCCC2)N3CCCC3>>C=CC([O-])CCCCCCC.CC(C)(C)[NH+]=P(N1CCCC1)(N1CCCC1)N1CCCC1|C=CC([O-])CCCCCCC.c1cc(ccc1[N+](=O)[O-])S(=O)(=O)F>>C=CC(CCCCCCC)OS(=O)(=O)c1ccc([N+](=O)[O-])cc1.[F-]|C=CC(CCCCCCC)OS(=O)(=O)c1ccc([N+](=O)[O-])cc1.[F-]>>C=CC(F)CCCCCCC,30
C(C(C)O)Oc1ccccc1.CC(C)(C)N=C(N(C)C)N(C)C>>CC([O-])COc1ccccc1.CN(C)C(=[NH+]C(C)(C)C)N(C)C|CC([O-])COc1ccccc1.c1cc(ccc1S(=O)(=O)F)Cl>>CC(COc1ccccc1)OS(=O)(=O)c1ccc(Cl)cc1.[F-]|CC(COc1ccccc1)OS(=O)(=O)c1ccc(Cl)cc1.[F-]>>CC(F)COc1ccccc1,26
n1c(cc(n1CO)C)C.C1CCC2=NCCCN2CC1>>Cc1cc(C)n(C[O-])n1.C1CCC2=[NH+]CCCN2CC1|Cc1cc(C)n(C[O-])n1.c1ccnc(c1)S(=O)(=O)F>>Cc1cc(C)n(COS(=O)(=O)c2ccccn2)n1.[F-]|Cc1cc(C)n(COS(=O)(=O)c2ccccn2)n1.[F-]>>Cc1cc(C)n(CF)n1,30
OC/C=C(/CC/C=C(\C)/CCC=C(C)C)\C.CC(C)(C)N=C(N(C)C)N(C)C>>CC(C)=CCC/C(C)=C/CC/C(C)=C/C[O-].CN(C)C(=[NH+]C(C)(C)C)N(C)C|CC(C)=CCC/C(C)=C/CC/C(C)=C/C[O-].c1ccnc(c1)S(=O)(=O)F>>CC(C)=CCC/C(C)=C/CC/C(C)=C/COS(=O)(=O)c1ccccn1.[F-]|CC(C)=CCC/C(C)=C/CC/C(C)=C/COS(=O)(=O)c1ccccn1.[F-]>>CC(C)=CCC/C(C)=C/CC/C(C)=C/CF,24
c1(c(cc(c(c1)C(C)O)[N+](=O)[O-])OCCCC(=O)OC)OC.CN1CCCN2CCCN=C12>>COC(=O)CCCOc1cc([N+](=O)[O-])c(C(C)[O-])cc1OC.CN1CCCN2CCC[NH+]=C12|COC(=O)CCCOc1cc([N+](=O)[O-])c(C(C)[O-])cc1OC.C(C(C(F)(F)S(=O)(=O)F)(F)F)(C(F)(F)F)(F)F>>COC(=O)CCCOc1cc([N+](=O)[O-])c(C(C)OS(=O)(=O)C(F)(F)C(F)(F)C(F)(F)C(F)(F)F)cc1OC.[F-]|COC(=O)CCCOc1cc([N+](=O)[O-])c(C(C)OS(=O)(=O)C(F)(F)C(F)(F)C(F)(F)C(F)(F)F)cc1OC.[F-]>>COC(=O)CCCOc1cc([N+](=O)[O-])c(C(C)F)cc1OC,18
c1(ccc2c(c1)c(c(n2C(=O)c1ccc(cc1)Cl)C)CCO)OC.CC(C)(C)N=C(N(C)C)N(C)C>>COc1ccc2c(c1)c(CC[O-])c(C)n2C(=O)c1ccc(Cl)cc1.CN(C)C(=[NH+]C(C)(C)C)N(C)C|COc1ccc2c(c1)c(CC[O-])c(C)n2C(=O)c1ccc(Cl)cc1.c1cc(ccc1[N+](=O)[O-])S(=O)(=O)F>>COc1ccc2c(c1)c(CCOS(=O)(=O)c1ccc([N+](=O)[O-])cc1)c(C)n2C(=O)c1ccc(Cl)cc1.[F-]|COc1ccc2c(c1)c(CCOS(=O)(=O)c1ccc([N+](=O)[O-])cc1)c(C)n2C(=O)c1ccc(Cl)cc1.[F-]>>COc1ccc2c(c1)c(CCF)c(C)n2C(=O)c1ccc(Cl)cc1,86
C1N([C@@H](C[C@H]1O)C(=O)OC)C(=O)OC(C)(C)C.CC(C)(C)N=P(N1CCCC1)(N2CCCC2)N3CCCC3>>COC(=O)[C@@H]1C[C@@H]([O-])CN1C(=O)OC(C)(C)C.CC(C)(C)[NH+]=P(N1CCCC1)(N1CCCC1)N1CCCC1|COC(=O)[C@@H]1C[C@@H]([O-])CN1C(=O)OC(C)(C)C.c1cc(ccc1C(F)(F)F)S(=O)(=O)F>>COC(=O)[C@@H]1C[C@@H](OS(=O)(=O)c2ccc(C(F)(F)F)cc2)CN1C(=O)OC(C)(C)C.[F-]|COC(=O)[C@@H]1C[C@@H](OS(=O)(=O)c2ccc(C(F)(F)F)cc2)CN1C(=O)OC(C)(C)C.[F-]>>COC(=O)[C@@H]1C[C@H](F)CN1C(=O)OC(C)(C)C,58
c1ccc2c(c1)C(=O)N(C2=O)C1CC[C@@H](CC1)O.C1CCC2=NCCCN2CC1>>O=C1c2ccccc2C(=O)N1C1CCC([O-])CC1.C1CCC2=[NH+]CCCN2CC1|O=C1c2ccccc2C(=O)N1C1CCC([O-])CC1.c1cc(ccc1S(=O)(=O)F)Cl>>O=C1c2ccccc2C(=O)N1C1CCC(OS(=O)(=O)c2ccc(Cl)cc2)CC1.[F-]|O=C1c2ccccc2C(=O)N1C1CCC(OS(=O)(=O)c2ccc(Cl)cc2)CC1.[F-]>>O=C1c2ccccc2C(=O)N1C1CCC(F)CC1,4
c1c(ccc(c1)CO)c1ccccc1.C1CCC2=NCCCN2CC1>>[O-]Cc1ccc(-c2ccccc2)cc1.C1CCC2=[NH+]CCCN2CC1|[O-]Cc1ccc(-c2ccccc2)cc1.c1cc(ccc1[N+](=O)[O-])S(=O)(=O)F>>O=[N+]([O-])c1ccc(S(=O)(=O)OCc2ccc(-c3ccccc3)cc2)cc1.[F-]|O=[N+]([O-])c1ccc(S(=O)(=O)OCc2ccc(-c3ccccc3)cc2)cc1.[F-]>>FCc1ccc(-c2ccccc2)cc1,21
c1ccc2c(c1)C(=O)N(C2=O)C1CC[C@@H](CC1)O.CC(C)(C)N=P(N1CCCC1)(N2CCCC2)N3CCCC3>>O=C1c2ccccc2C(=O)N1C1CCC([O-])CC1.CC(C)(C)[NH+]=P(N1CCCC1)(N1CCCC1)N1CCCC1|O=C1c2ccccc2C(=O)N1C1CCC([O-])CC1.c1cc(ccc1[N+](=O)[O-])S(=O)(=O)F>>O=C1c2ccccc2C(=O)N1C1CCC(OS(=O)(=O)c2ccc([N+](=O)[O-])cc2)CC1.[F-]|O=C1c2ccccc2C(=O)N1C1CCC(OS(=O)(=O)c2ccc([N+](=O)[O-])cc2)CC1.[F-]>>O=C1c2ccccc2C(=O)N1C1CCC(F)CC1,5
c1ccc2c(c1)CC(C2)O.CC(C)(C)N=C(N(C)C)N(C)C>>[O-]C1Cc2ccccc2C1.CN(C)C(=[NH+]C(C)(C)C)N(C)C|[O-]C1Cc2ccccc2C1.c1cc(ccc1C(F)(F)F)S(=O)(=O)F>>O=S(=O)(OC1Cc2ccccc2C1)c1ccc(C(F)(F)F)cc1.[F-]|O=S(=O)(OC1Cc2ccccc2C1)c1ccc(C(F)(F)F)cc1.[F-]>>FC1Cc2ccccc2C1,27
c1(CCC(C)O)ccccc1.CC(C)(C)N=C(N(C)C)N(C)C>>CC([O-])CCc1ccccc1.CN(C)C(=[NH+]C(C)(C)C)N(C)C|CC([O-])CCc1ccccc1.c1cc(ccc1[N+](=O)[O-])S(=O)(=O)F>>CC(CCc1ccccc1)OS(=O)(=O)c1ccc([N+](=O)[O-])cc1.[F-]|CC(CCc1ccccc1)OS(=O)(=O)c1ccc([N+](=O)[O-])cc1.[F-]>>CC(F)CCc1ccccc1,55
c1c(ccc(c1)CO)S(=O)(=O)N(CCC)CCC.C1CCC2=NCCCN2CC1>>CCCN(CCC)S(=O)(=O)c1ccc(C[O-])cc1.C1CCC2=[NH+]CCCN2CC1|CCCN(CCC)S(=O)(=O)c1ccc(C[O-])cc1.c1cc(ccc1[N+](=O)[O-])S(=O)(=O)F>>CCCN(CCC)S(=O)(=O)c1ccc(COS(=O)(=O)c2ccc([N+](=O)[O-])cc2)cc1.[F-]|CCCN(CCC)S(=O)(=O)c1ccc(COS(=O)(=O)c2ccc([N+](=O)[O-])cc2)cc1.[F-]>>CCCN(CCC)S(=O)(=O)c1ccc(CF)cc1,28
C1N(CCC1)[C@H]([C@@H](c1ccccc1)O)C.CC(C)(C)N=C(N(C)C)N(C)C>>C[C@@H]([C@H]([O-])c1ccccc1)N1CCCC1.CN(C)C(=[NH+]C(C)(C)C)N(C)C|C[C@@H]([C@H]([O-])c1ccccc1)N1CCCC1.c1ccnc(c1)S(=O)(=O)F>>C[C@@H]([C@H](OS(=O)(=O)c1ccccn1)c1ccccc1)N1CCCC1.[F-]|C[C@@H]([C@H](OS(=O)(=O)c1ccccn1)c1ccccc1)N1CCCC1.[F-]>>C[C@@H]([C@@H](F)c1ccccc1)N1CCCC1,36
c1c(ccc(c1)CO)c1ccccc1.CN1CCCN2CCCN=C12>>[O-]Cc1ccc(-c2ccccc2)cc1.CN1CCCN2CCC[NH+]=C12|[O-]Cc1ccc(-c2ccccc2)cc1.c1ccnc(c1)S(=O)(=O)F>>O=S(=O)(OCc1ccc(-c2ccccc2)cc1)c1ccccn1.[F-]|O=S(=O)(OCc1ccc(-c2ccccc2)cc1)c1ccccn1.[F-]>>FCc1ccc(-c2ccccc2)cc1,26
C1N([C@@H](C[C@H]1O)C(=O)OC)C(=O)OC(C)(C)C.C1CCC2=NCCCN2CC1>>COC(=O)[C@@H]1C[C@@H]([O-])CN1C(=O)OC(C)(C)C.C1CCC2=[NH+]CCCN2CC1|COC(=O)[C@@H]1C[C@@H]([O-])CN1C(=O)OC(C)(C)C.c1cc(ccc1S(=O)(=O)F)Cl>>COC(=O)[C@@H]1C[C@@H](OS(=O)(=O)c2ccc(Cl)cc2)CN1C(=O)OC(C)(C)C.[F-]|COC(=O)[C@@H]1C[C@@H](OS(=O)(=O)c2ccc(Cl)cc2)CN1C(=O)OC(C)(C)C.[F-]>>COC(=O)[C@@H]1C[C@H](F)CN1C(=O)OC(C)(C)C,23
c1(ncc(n1CCO)[N+](=O)[O-])C.CC(C)(C)N=P(N1CCCC1)(N2CCCC2)N3CCCC3>>Cc1ncc([N+](=O)[O-])n1CC[O-].CC(C)(C)[NH+]=P(N1CCCC1)(N1CCCC1)N1CCCC1|Cc1ncc([N+](=O)[O-])n1CC[O-].c1cc(ccc1S(=O)(=O)F)Cl>>Cc1ncc([N+](=O)[O-])n1CCOS(=O)(=O)c1ccc(Cl)cc1.[F-]|Cc1ncc([N+](=O)[O-])n1CCOS(=O)(=O)c1ccc(Cl)cc1.[F-]>>Cc1ncc([N+](=O)[O-])n1CCF,23
C1(C(C(C(O1)n1c2c(nc1)c(ncn2)N(Cc1ccccc1)Cc1ccccc1)OCc1ccccc1)OCc1ccccc1)CO.CC(C)(C)N=C(N(C)C)N(C)C>>[O-]CC1OC(n2cnc3c(N(Cc4ccccc4)Cc4ccccc4)ncnc32)C(OCc2ccccc2)C1OCc1ccccc1.CN(C)C(=[NH+]C(C)(C)C)N(C)C|[O-]CC1OC(n2cnc3c(N(Cc4ccccc4)Cc4ccccc4)ncnc32)C(OCc2ccccc2)C1OCc1ccccc1.c1cc(ccc1S(=O)(=O)F)Cl>>O=S(=O)(OCC1OC(n2cnc3c(N(Cc4ccccc4)Cc4ccccc4)ncnc32)C(OCc2ccccc2)C1OCc1ccccc1)c1ccc(Cl)cc1.[F-]|O=S(=O)(OCC1OC(n2cnc3c(N(Cc4ccccc4)Cc4ccccc4)ncnc32)C(OCc2ccccc2)C1OCc1ccccc1)c1ccc(Cl)cc1.[F-]>>FCC1OC(n2cnc3c(N(Cc4ccccc4)Cc4ccccc4)ncnc32)C(OCc2ccccc2)C1OCc1ccccc1,21
C1N(CCC1)[C@H]([C@@H](c1ccccc1)O)C.CN1CCCN2CCCN=C12>>C[C@@H]([C@H]([O-])c1ccccc1)N1CCCC1.CN1CCCN2CCC[NH+]=C12|C[C@@H]([C@H]([O-])c1ccccc1)N1CCCC1.c1ccnc(c1)S(=O)(=O)F>>C[C@@H]([C@H](OS(=O)(=O)c1ccccn1)c1ccccc1)N1CCCC1.[F-]|C[C@@H]([C@H](OS(=O)(=O)c1ccccn1)c1ccccc1)N1CCCC1.[F-]>>C[C@@H]([C@@H](F)c1ccccc1)N1CCCC1,59
O1C[C@@H]([C@@H]2[C@H]1[C@@H](CO2)O)OC(=O)C.CC(C)(C)N=P(N1CCCC1)(N2CCCC2)N3CCCC3>>CC(=O)O[C@H]1CO[C@H]2[C@@H]1OC[C@H]2[O-].CC(C)(C)[NH+]=P(N1CCCC1)(N1CCCC1)N1CCCC1|CC(=O)O[C@H]1CO[C@H]2[C@@H]1OC[C@H]2[O-].c1cc(ccc1[N+](=O)[O-])S(=O)(=O)F>>CC(=O)O[C@H]1CO[C@H]2[C@@H]1OC[C@H]2OS(=O)(=O)c1ccc([N+](=O)[O-])cc1.[F-]|CC(=O)O[C@H]1CO[C@H]2[C@@H]1OC[C@H]2OS(=O)(=O)c1ccc([N+](=O)[O-])cc1.[F-]>>CC(=O)O[C@H]1CO[C@H]2[C@@H]1OC[C@@H]2F,30
O1CCC(C1=O)O.CC(C)(C)N=C(N(C)C)N(C)C>>O=C1OCCC1[O-].CN(C)C(=[NH+]C(C)(C)C)N(C)C|O=C1OCCC1[O-].c1cc(ccc1[N+](=O)[O-])S(=O)(=O)F>>O=C1OCCC1OS(=O)(=O)c1ccc([N+](=O)[O-])cc1.[F-]|O=C1OCCC1OS(=O)(=O)c1ccc([N+](=O)[O-])cc1.[F-]>>O=C1OCCC1F,43
c1ccc2c(c1)CC(C2)O.CC(C)(C)N=C(N(C)C)N(C)C>>[O-]C1Cc2ccccc2C1.CN(C)C(=[NH+]C(C)(C)C)N(C)C|[O-]C1Cc2ccccc2C1.c1cc(ccc1[N+](=O)[O-])S(=O)(=O)F>>O=[N+]([O-])c1ccc(S(=O)(=O)OC2Cc3ccccc3C2)cc1.[F-]|O=[N+]([O-])c1ccc(S(=O)(=O)OC2Cc3ccccc3C2)cc1.[F-]>>FC1Cc2ccccc2C1,30
c12c(c3c(/C/1=C\c1ccc(cc1)Cl)cc(cc3C(O)CN(CCCC)CCCC)Cl)ccc(c2)Cl.CC(C)(C)N=C(N(C)C)N(C)C>>CCCCN(CCCC)CC([O-])c1cc(Cl)cc2c1-c1ccc(Cl)cc1/C2=C/c1ccc(Cl)cc1.CN(C)C(=[NH+]C(C)(C)C)N(C)C|CCCCN(CCCC)CC([O-])c1cc(Cl)cc2c1-c1ccc(Cl)cc1/C2=C/c1ccc(Cl)cc1.c1ccnc(c1)S(=O)(=O)F>>CCCCN(CCCC)CC(OS(=O)(=O)c1ccccn1)c1cc(Cl)cc2c1-c1ccc(Cl)cc1/C2=C/c1ccc(Cl)cc1.[F-]|CCCCN(CCCC)CC(OS(=O)(=O)c1ccccn1)c1cc(Cl)cc2c1-c1ccc(Cl)cc1/C2=C/c1ccc(Cl)cc1.[F-]>>CCCCN(CCCC)CC(F)c1cc(Cl)cc2c1-c1ccc(Cl)cc1/C2=C/c1ccc(Cl)cc1,59
c1ccc2c(c1)CC(C2)O.CC(C)(C)N=P(N1CCCC1)(N2CCCC2)N3CCCC3>>[O-]C1Cc2ccccc2C1.CC(C)(C)[NH+]=P(N1CCCC1)(N1CCCC1)N1CCCC1|[O-]C1Cc2ccccc2C1.c1cc(ccc1C(F)(F)F)S(=O)(=O)F>>O=S(=O)(OC1Cc2ccccc2C1)c1ccc(C(F)(F)F)cc1.[F-]|O=S(=O)(OC1Cc2ccccc2C1)c1ccc(C(F)(F)F)cc1.[F-]>>FC1Cc2ccccc2C1,19
C1[C@@H](C[C@@H]1O)OCc1ccccc1.CC(C)(C)N=P(N1CCCC1)(N2CCCC2)N3CCCC3>>[O-][C@H]1C[C@@H](OCc2ccccc2)C1.CC(C)(C)[NH+]=P(N1CCCC1)(N1CCCC1)N1CCCC1|[O-][C@H]1C[C@@H](OCc2ccccc2)C1.c1cc(ccc1[N+](=O)[O-])S(=O)(=O)F>>O=[N+]([O-])c1ccc(S(=O)(=O)O[C@H]2C[C@@H](OCc3ccccc3)C2)cc1.[F-]|O=[N+]([O-])c1ccc(S(=O)(=O)O[C@H]2C[C@@H](OCc3ccccc3)C2)cc1.[F-]>>F[C@H]1C[C@H](OCc2ccccc2)C1,22
C1N([C@@H](C[C@@H]1O)C(=O)OC)C(=O)OC(C)(C)C.CN1CCCN2CCCN=C12>>COC(=O)[C@@H]1C[C@H]([O-])CN1C(=O)OC(C)(C)C.CN1CCCN2CCC[NH+]=C12|COC(=O)[C@@H]1C[C@H]([O-])CN1C(=O)OC(C)(C)C.c1cc(ccc1S(=O)(=O)F)Cl>>COC(=O)[C@@H]1C[C@H](OS(=O)(=O)c2ccc(Cl)cc2)CN1C(=O)OC(C)(C)C.[F-]|COC(=O)[C@@H]1C[C@H](OS(=O)(=O)c2ccc(Cl)cc2)CN1C(=O)OC(C)(C)C.[F-]>>COC(=O)[C@@H]1C[C@@H](F)CN1C(=O)OC(C)(C)C,30
OC/C=C(/CC/C=C(\C)/CCC=C(C)C)\C.CN1CCCN2CCCN=C12>>CC(C)=CCC/C(C)=C/CC/C(C)=C/C[O-].CN1CCCN2CCC[NH+]=C12|CC(C)=CCC/C(C)=C/CC/C(C)=C/C[O-].c1cc(ccc1S(=O)(=O)F)Cl>>CC(C)=CCC/C(C)=C/CC/C(C)=C/COS(=O)(=O)c1ccc(Cl)cc1.[F-]|CC(C)=CCC/C(C)=C/CC/C(C)=C/COS(=O)(=O)c1ccc(Cl)cc1.[F-]>>CC(C)=CCC/C(C)=C/CC/C(C)=C/CF,21
C1[C@@H](C[C@@H]1O)OCc1ccccc1.CN1CCCN2CCCN=C12>>[O-][C@H]1C[C@@H](OCc2ccccc2)C1.CN1CCCN2CCC[NH+]=C12|[O-][C@H]1C[C@@H](OCc2ccccc2)C1.c1cc(ccc1C(F)(F)F)S(=O)(=O)F>>O=S(=O)(O[C@H]1C[C@@H](OCc2ccccc2)C1)c1ccc(C(F)(F)F)cc1.[F-]|O=S(=O)(O[C@H]1C[C@@H](OCc2ccccc2)C1)c1ccc(C(F)(F)F)cc1.[F-]>>F[C@H]1C[C@H](OCc2ccccc2)C1,4
C1C2C[C@H](CC(C1)N2C(=O)OC(C)(C)C)O.C1CCC2=NCCCN2CC1>>CC(C)(C)OC(=O)N1C2CCC1CC([O-])C2.C1CCC2=[NH+]CCCN2CC1|CC(C)(C)OC(=O)N1C2CCC1CC([O-])C2.C(C(C(F)(F)S(=O)(=O)F)(F)F)(C(F)(F)F)(F)F>>CC(C)(C)OC(=O)N1C2CCC1CC(OS(=O)(=O)C(F)(F)C(F)(F)C(F)(F)C(F)(F)F)C2.[F-]|CC(C)(C)OC(=O)N1C2CCC1CC(OS(=O)(=O)C(F)(F)C(F)(F)C(F)(F)C(F)(F)F)C2.[F-]>>CC(C)(C)OC(=O)N1C2CCC1CC(F)C2,23
O1C[C@@H]([C@@H]2[C@H]1[C@@H](CO2)O)OC(=O)C.CC(C)(C)N=P(N1CCCC1)(N2CCCC2)N3CCCC3>>CC(=O)O[C@H]1CO[C@H]2[C@@H]1OC[C@H]2[O-].CC(C)(C)[NH+]=P(N1CCCC1)(N1CCCC1)N1CCCC1|CC(=O)O[C@H]1CO[C@H]2[C@@H]1OC[C@H]2[O-].c1ccnc(c1)S(=O)(=O)F>>CC(=O)O[C@H]1CO[C@H]2[C@@H]1OC[C@H]2OS(=O)(=O)c1ccccn1.[F-]|CC(=O)O[C@H]1CO[C@H]2[C@@H]1OC[C@H]2OS(=O)(=O)c1ccccn1.[F-]>>CC(=O)O[C@H]1CO[C@H]2[C@@H]1OC[C@@H]2F,5
C1=C[C@]2(C(=CC1=O)CC[C@@H]1[C@@H]2C(=O)C[C@]2([C@H]1CC[C@@]2(C(=O)CO)O)C)C.CC(C)(C)N=C(N(C)C)N(C)C>>C[C@]12C=CC(=O)C=C1CC[C@@H]1[C@@H]2C(=O)C[C@@]2(C)[C@H]1CC[C@]2(O)C(=O)C[O-].CN(C)C(=[NH+]C(C)(C)C)N(C)C|C[C@]12C=CC(=O)C=C1CC[C@@H]1[C@@H]2C(=O)C[C@@]2(C)[C@H]1CC[C@]2(O)C(=O)C[O-].c1cc(ccc1C(F)(F)F)S(=O)(=O)F>>C[C@]12C=CC(=O)C=C1CC[C@@H]1[C@@H]2C(=O)C[C@@]2(C)[C@H]1CC[C@]2(OS(=O)(=O)c1ccc(C(F)(F)F)cc1)C(=O)CO.[F-]|C[C@]12C=CC(=O)C=C1CC[C@@H]1[C@@H]2C(=O)C[C@@]2(C)[C@H]1CC[C@]2(OS(=O)(=O)c1ccc(C(F)(F)F)cc1)C(=O)CO.[F-]>>C[C@]12C=CC(=O)C=C1CC[C@@H]1[C@@H]2C(=O)C[C@@]2(C)[C@H]1CC[C@]2(F)C(=O)CO,53
C1C2C[C@H](CC(C1)N2C(=O)OC(C)(C)C)O.CN1CCCN2CCCN=C12>>CC(C)(C)OC(=O)N1C2CCC1CC([O-])C2.CN1CCCN2CCC[NH+]=C12|CC(C)(C)OC(=O)N1C2CCC1CC([O-])C2.c1cc(ccc1[N+](=O)[O-])S(=O)(=O)F>>CC(C)(C)OC(=O)N1C2CCC1CC(OS(=O)(=O)c1ccc([N+](=O)[O-])cc1)C2.[F-]|CC(C)(C)OC(=O)N1C2CCC1CC(OS(=O)(=O)c1ccc([N+](=O)[O-])cc1)C2.[F-]>>CC(C)(C)OC(=O)N1C2CCC1CC(F)C2,41
C(CCCO)c1ccccc1.C1CCC2=NCCCN2CC1>>[O-]CCCCc1ccccc1.C1CCC2=[NH+]CCCN2CC1|[O-]CCCCc1ccccc1.c1ccnc(c1)S(=O)(=O)F>>O=S(=O)(OCCCCc1ccccc1)c1ccccn1.[F-]|O=S(=O)(OCCCCc1ccccc1)c1ccccn1.[F-]>>FCCCCc1ccccc1,48
C1=C[C@]2(C(=CC1=O)CC[C@@H]1[C@@H]2C(=O)C[C@]2([C@H]1CC[C@@]2(C(=O)CO)O)C)C.C1CCC2=NCCCN2CC1>>C[C@]12C=CC(=O)C=C1CC[C@@H]1[C@@H]2C(=O)C[C@@]2(C)[C@H]1CC[C@]2(O)C(=O)C[O-].C1CCC2=[NH+]CCCN2CC1|C[C@]12C=CC(=O)C=C1CC[C@@H]1[C@@H]2C(=O)C[C@@]2(C)[C@H]1CC[C@]2(O)C(=O)C[O-].c1cc(ccc1C(F)(F)F)S(=O)(=O)F>>C[C@]12C=CC(=O)C=C1CC[C@@H]1[C@@H]2C(=O)C[C@@]2(C)[C@H]1CC[C@]2(OS(=O)(=O)c1ccc(C(F)(F)F)cc1)C(=O)CO.[F-]|C[C@]12C=CC(=O)C=C1CC[C@@H]1[C@@H]2C(=O)C[C@@]2(C)[C@H]1CC[C@]2(OS(=O)(=O)c1ccc(C(F)(F)F)cc1)C(=O)CO.[F-]>>C[C@]12C=CC(=O)C=C1CC[C@@H]1[C@@H]2C(=O)C[C@@]2(C)[C@H]1CC[C@]2(F)C(=O)CO,40
OC/C=C(/CC/C=C(\C)/CCC=C(C)C)\C.CC(C)(C)N=C(N(C)C)N(C)C>>CC(C)=CCC/C(C)=C/CC/C(C)=C/C[O-].CN(C)C(=[NH+]C(C)(C)C)N(C)C|CC(C)=CCC/C(C)=C/CC/C(C)=C/C[O-].c1cc(ccc1[N+](=O)[O-])S(=O)(=O)F>>CC(C)=CCC/C(C)=C/CC/C(C)=C/COS(=O)(=O)c1ccc([N+](=O)[O-])cc1.[F-]|CC(C)=CCC/C(C)=C/CC/C(C)=C/COS(=O)(=O)c1ccc([N+](=O)[O-])cc1.[F-]>>CC(C)=CCC/C(C)=C/CC/C(C)=C/CF,28
C(C(C)O)Oc1ccccc1.CC(C)(C)N=P(N1CCCC1)(N2CCCC2)N3CCCC3>>CC([O-])COc1ccccc1.CC(C)(C)[NH+]=P(N1CCCC1)(N1CCCC1)N1CCCC1|CC([O-])COc1ccccc1.c1cc(ccc1S(=O)(=O)F)Cl>>CC(COc1ccccc1)OS(=O)(=O)c1ccc(Cl)cc1.[F-]|CC(COc1ccccc1)OS(=O)(=O)c1ccc(Cl)cc1.[F-]>>CC(F)COc1ccccc1,41
c1ccc2c(c1)C(=O)N(C2=O)C1CC[C@@H](CC1)O.CN1CCCN2CCCN=C12>>O=C1c2ccccc2C(=O)N1C1CCC([O-])CC1.CN1CCCN2CCC[NH+]=C12|O=C1c2ccccc2C(=O)N1C1CCC([O-])CC1.c1cc(ccc1S(=O)(=O)F)Cl>>O=C1c2ccccc2C(=O)N1C1CCC(OS(=O)(=O)c2ccc(Cl)cc2)CC1.[F-]|O=C1c2ccccc2C(=O)N1C1CCC(OS(=O)(=O)c2ccc(Cl)cc2)CC1.[F-]>>O=C1c2ccccc2C(=O)N1C1CCC(F)CC1,5
c1cc(ccc1c1onc(c1)CO)F.C1CCC2=NCCCN2CC1>>[O-]Cc1cc(-c2ccc(F)cc2)on1.C1CCC2=[NH+]CCCN2CC1|[O-]Cc1cc(-c2ccc(F)cc2)on1.C(C(C(F)(F)S(=O)(=O)F)(F)F)(C(F)(F)F)(F)F>>O=S(=O)(OCc1cc(-c2ccc(F)cc2)on1)C(F)(F)C(F)(F)C(F)(F)C(F)(F)F.[F-]|O=S(=O)(OCc1cc(-c2ccc(F)cc2)on1)C(F)(F)C(F)(F)C(F)(F)C(F)(F)F.[F-]>>FCc1cc(-c2ccc(F)cc2)on1,31
N([C@@H](CO)C(=O)OC)C(c1ccccc1)(c1ccccc1)c1ccccc1.CN1CCCN2CCCN=C12>>COC(=O)[C@H](C[O-])NC(c1ccccc1)(c1ccccc1)c1ccccc1.CN1CCCN2CCC[NH+]=C12|COC(=O)[C@H](C[O-])NC(c1ccccc1)(c1ccccc1)c1ccccc1.c1cc(ccc1S(=O)(=O)F)Cl>>COC(=O)[C@H](COS(=O)(=O)c1ccc(Cl)cc1)NC(c1ccccc1)(c1ccccc1)c1ccccc1.[F-]|COC(=O)[C@H](COS(=O)(=O)c1ccc(Cl)cc1)NC(c1ccccc1)(c1ccccc1)c1ccccc1.[F-]>>COC(=O)[C@H](CF)NC(c1ccccc1)(c1ccccc1)c1ccccc1,5
C1C2C[C@H](CC(C1)N2C(=O)OC(C)(C)C)O.CC(C)(C)N=P(N1CCCC1)(N2CCCC2)N3CCCC3>>CC(C)(C)OC(=O)N1C2CCC1CC([O-])C2.CC(C)(C)[NH+]=P(N1CCCC1)(N1CCCC1)N1CCCC1|CC(C)(C)OC(=O)N1C2CCC1CC([O-])C2.c1cc(ccc1C(F)(F)F)S(=O)(=O)F>>CC(C)(C)OC(=O)N1C2CCC1CC(OS(=O)(=O)c1ccc(C(F)(F)F)cc1)C2.[F-]|CC(C)(C)OC(=O)N1C2CCC1CC(OS(=O)(=O)c1ccc(C(F)(F)F)cc1)C2.[F-]>>CC(C)(C)OC(=O)N1C2CCC1CC(F)C2,32
c1(ncc(n1CCO)[N+](=O)[O-])C.CC(C)(C)N=P(N1CCCC1)(N2CCCC2)N3CCCC3>>Cc1ncc([N+](=O)[O-])n1CC[O-].CC(C)(C)[NH+]=P(N1CCCC1)(N1CCCC1)N1CCCC1|Cc1ncc([N+](=O)[O-])n1CC[O-].c1cc(ccc1[N+](=O)[O-])S(=O)(=O)F>>Cc1ncc([N+](=O)[O-])n1CCOS(=O)(=O)c1ccc([N+](=O)[O-])cc1.[F-]|Cc1ncc([N+](=O)[O-])n1CCOS(=O)(=O)c1ccc([N+](=O)[O-])cc1.[F-]>>Cc1ncc([N+](=O)[O-])n1CCF,29
C1(C(C(C(O1)n1c2c(nc1)c(ncn2)N(Cc1ccccc1)Cc1ccccc1)OCc1ccccc1)OCc1ccccc1)CO.CC(C)(C)N=P(N1CCCC1)(N2CCCC2)N3CCCC3>>[O-]CC1OC(n2cnc3c(N(Cc4ccccc4)Cc4ccccc4)ncnc32)C(OCc2ccccc2)C1OCc1ccccc1.CC(C)(C)[NH+]=P(N1CCCC1)(N1CCCC1)N1CCCC1|[O-]CC1OC(n2cnc3c(N(Cc4ccccc4)Cc4ccccc4)ncnc32)C(OCc2ccccc2)C1OCc1ccccc1.C(C(C(F)(F)S(=O)(=O)F)(F)F)(C(F)(F)F)(F)F>>O=S(=O)(OCC1OC(n2cnc3c(N(Cc4ccccc4)Cc4ccccc4)ncnc32)C(OCc2ccccc2)C1OCc1ccccc1)C(F)(F)C(F)(F)C(F)(F)C(F)(F)F.[F-]|O=S(=O)(OCC1OC(n2cnc3c(N(Cc4ccccc4)Cc4ccccc4)ncnc32)C(OCc2ccccc2)C1OCc1ccccc1)C(F)(F)C(F)(F)C(F)(F)C(F)(F)F.[F-]>>FCC1OC(n2cnc3c(N(Cc4ccccc4)Cc4ccccc4)ncnc32)C(OCc2ccccc2)C1OCc1ccccc1,47
